Focal plane radial distance at f/69 (m),unapod_272_Lg1,apod_272_Lg1,unapod_272_Lg2,apod_272_Lg2,unapod_272_Sm,apod_272_Sm,unapod_453_Lg1,apod_453_Lg1,unapod_453_Lg2,apod_453_Lg2,unapod_453_Sm,apod_453_Sm
2.2178571428571424e-06,0.0024291025370111064,0.0016596302241213628,0.0006997042601301914,0.0008307667816176913,0.00021589602514613835,7.882553351576303e-05,0.001026184507884042,0.0005539236756455009,0.00017618089541914092,0.0001818875987362034,0.00028926768774311106,3.4335076324668735e-05
6.653571428571427e-06,0.0022930000496270784,0.0016223695467162558,0.0006582220099199299,0.0008169200894759258,0.00021012388730955013,7.666424245123735e-05,0.0009736943253963859,0.0005361440029669729,0.00016702879678446363,0.00017680937555581563,0.0002791221926739827,3.309763624584826e-05
1.1089285714285711e-05,0.0020784968650846675,0.0015618679689387949,0.000593063939920285,0.0007942858837953249,0.00020076374812813362,7.320739375371035e-05,0.0008907641444733831,0.0005076775578175538,0.0001526290733989889,0.00016869740153164334,0.00026275931447774104,3.1110929543866215e-05
1.5524999999999998e-05,0.0019205960640780613,0.001515160623292021,0.0005452497546688395,0.0007765377103637222,0.0001935813462533083,7.05809709542053e-05,0.0008293099318035749,0.0004859461300215091,0.00014194468907625154,0.000162417805592588,0.0002503965399875204,2.964238115178429e-05
1.996071428571428e-05,0.001649746808752367,0.001432245741399996,0.00046373953676240076,0.0007449288482228893,0.00018081810564070171,6.60265207300198e-05,0.0007237711105601843,0.00044829740403290425,0.0001238017475499883,0.00015171969477303422,0.00022843993357128504,2.7018544430865985e-05
2.4396428571428564e-05,0.0012754498084999342,0.0013058919212939096,0.00035215221048566763,0.0006954670577664808,0.00016157595530564395,5.933845750403842e-05,0.0005759867034567389,0.0003925740915890784,9.84809027397453e-05,0.00013563350383133605,0.00019619027811816452,2.3298695778921433e-05
2.8832142857142854e-05,0.0009454738093601392,0.001185488405245493,0.00025519443915460914,0.0006497611186514045,0.000142689637495942,5.505316542506417e-05,0.0004435536753715833,0.0003394092296213222,7.599448765995492e-05,0.00012007637548610053,0.00016539375896055253,2.0058644776790902e-05
3.326785714285714e-05,0.0007191237246534847,0.0010801057535539252,0.00019012131125414913,0.0006023301053487586,0.00012815118913257732,4.7260259454611934e-05,0.00035128605623007075,0.0003001790280652038,6.0686279806841015e-05,0.00010893157403745123,0.00014209702812964766,1.7235274028801756e-05
3.770357142857142e-05,0.00040762582009401294,0.0009204473633988954,0.00010341313218445733,0.0005357481788529824,0.00010446682980729895,4.11538286763511e-05,0.00021989471563697483,0.00023846972692540913,3.925137921280719e-05,9.098858359547855e-05,0.00010564964000053592,1.3609407151033794e-05
4.2139285714285704e-05,0.00020386266218373893,0.0007772162054033118,5.086677551434337e-05,0.00047224168696208713,8.421634100355757e-05,3.5496352375789735e-05,0.000128511538738524,0.00018900972651797758,2.5077237904941465e-05,7.692550839999846e-05,7.583156550005801e-05,1.0782663358650333e-05
4.6574999999999994e-05,0.00010968680113100825,0.0006810908283229264,2.8506395056910695e-05,0.00042642187227623254,7.135256058535556e-05,3.172986620437773e-05,8.106184716494514e-05,0.00015599557877525204,1.75184831806364e-05,6.611792267343543e-05,5.9116539228465646e-05,9.677603401271332e-06
5.101071428571428e-05,3.831558867885555e-05,0.0005591181017408662,1.846062335484666e-05,0.00036835525777418,5.5490623921455766e-05,2.8149223593832415e-05,3.867859224014651e-05,0.00012293635019472305,1.257698987677717e-05,5.8001590471084255e-05,3.774084683753394e-05,8.09991068855976e-06
5.544642857142856e-05,2.436402562181554e-05,0.00044172853522139803,2.5033636833486148e-05,0.00030739044381259485,4.164000636998984e-05,2.4787438133428333e-05,1.5681714278991187e-05,9.141247351072551e-05,1.006054615728868e-05,4.814875807888151e-05,2.234369486179858e-05,7.635996469235338e-06
5.988214285714284e-05,5.2459324995649174e-05,0.0003484261473233019,4.269817294800488e-05,0.0002554180625648817,3.1798770028516187e-05,2.2433777793137565e-05,1.2153115472113188e-05,6.979024683972869e-05,1.1339091704583024e-05,4.133927925317753e-05,1.3952859857628475e-05,8.379758668529325e-06
6.431785714285714e-05,9.649744737248962e-05,0.0002814157367146784,6.400336127762403e-05,0.00021728227963970932,2.596559661482538e-05,2.145059246401774e-05,1.72891437265744e-05,6.015235208450073e-05,1.3745783525346439e-05,4.018288984411743e-05,9.048633749639382e-06,8.7523358516232e-06
6.875357142857141e-05,0.0001708764480935182,0.00019881688528704703,9.501778792020498e-05,0.0001657795232941579,2.059899649435167e-05,2.0370789702513895e-05,3.229555114172991e-05,4.940975416787423e-05,1.8789311576077312e-05,3.8336853268965074e-05,8.645082289955846e-06,1.0961170806078652e-05
7.31892857142857e-05,0.00023662478157663786,0.00013614190497311082,0.00012019237746632552,0.00012289826773560105,1.8726861674801054e-05,1.9667296626901444e-05,4.9254455759378655e-05,4.495259929910376e-05,2.4245410135574834e-05,3.8593117245145214e-05,1.2932302493816632e-05,1.3694536206706858e-05
7.762499999999998e-05,0.00027199282649074046,0.00010105866326112101,0.00013285364553403266,9.636259585439509e-05,1.877680676398975e-05,1.909632459534848e-05,6.181068674291363e-05,4.4970337793162614e-05,2.8895755257835808e-05,3.991740716691098e-05,1.783524465327549e-05,1.593950643562546e-05
8.206071428571427e-05,0.0002936764111389986,6.939587096050849e-05,0.00013945795097686898,7.16278281065946e-05,2.2302795406930165e-05,1.9501176823807036e-05,6.851015414086539e-05,4.9073764315984597e-05,3.2592091536403344e-05,4.495023709994882e-05,2.7333574241208848e-05,1.9379098455359783e-05
8.649642857142854e-05,0.000291208793124384,4.4532298607164704e-05,0.00013592232718978936,4.889892191363101e-05,2.5901576311493016e-05,1.891335545054717e-05,7.333780292964544e-05,5.0793778701572346e-05,3.5900586745152205e-05,4.6510216954344315e-05,3.632676782523129e-05,2.1896980475817888e-05
9.093214285714284e-05,0.00026967855361297315,3.206427961005149e-05,0.0001267992890351562,3.5125641028752825e-05,3.109856521429718e-05,1.8493890649822364e-05,8.157408024366686e-05,6.699671146741505e-05,4.6798039030366966e-05,6.0337377477936626e-05,4.883325387915684e-05,2.8314526207595692e-05
9.536785714285714e-05,0.0002247886437299601,2.6837679005029527e-05,0.00010725772334621156,2.7894509315471865e-05,3.712023374695965e-05,1.843559388302428e-05,7.467760391458211e-05,7.047818833322752e-05,4.840544966092996e-05,6.360781178850151e-05,5.825518245491677e-05,3.0815116755395014e-05
9.98035714285714e-05,0.00016669077180726186,2.707457315949379e-05,8.296803976190844e-05,2.4994468706690256e-05,4.296640664132103e-05,1.7826177067639334e-05,6.829324076951754e-05,7.414528450664818e-05,5.1457036631950584e-05,6.676867388744783e-05,6.633044874846547e-05,3.301976590130416e-05
0.0001042392857142857,0.00011304681844565108,3.531928695550839e-05,6.292440858754829e-05,2.9781428247699433e-05,5.0022176364280625e-05,1.7562939753724964e-05,7.353140788704373e-05,9.293206603799061e-05,6.614146102341998e-05,8.37183278422223e-05,7.92775197468538e-05,4.078839470532978e-05
0.00010867499999999997,7.564352489075472e-05,4.464039158650424e-05,4.822915162414252e-05,3.721638613090246e-05,5.093400168658345e-05,1.6805446952111334e-05,7.685747743368243e-05,0.00010213993310762396,7.285465535591114e-05,9.15950151753714e-05,7.946180900767391e-05,4.221319072815062e-05
0.00011311071428571427,4.5364686635723e-05,5.7299237212634824e-05,3.758394456124572e-05,4.8643104930662156e-05,5.7285984506943035e-05,1.6962823747301583e-05,8.123121404846056e-05,0.00010660129359993391,8.287124555251006e-05,9.67051066620397e-05,8.888328267557238e-05,4.682575705463053e-05
0.00011754642857142854,3.41358477533292e-05,7.397126545086654e-05,3.400415647145524e-05,6.52990006761849e-05,5.735562110723252e-05,1.667078591972094e-05,8.901744341809627e-05,0.00010884708012112102,8.92897542130758e-05,9.899367857574389e-05,8.642686174316793e-05,4.673873238057802e-05
0.00012198214285714283,4.617158682672985e-05,9.289520889629845e-05,4.227952174959164e-05,8.490081395464335e-05,5.724174825451047e-05,1.7181113693084038e-05,0.00011732919663923337,0.0001408035470740377,0.00011518597098140557,0.00012902099954499764,9.418507038827341e-05,5.795379772080284e-05
0.0001264178571428571,7.131019210402051e-05,0.00010724076521299957,5.457423137267768e-05,0.00010015848020782683,5.863632713113511e-05,1.7602721266118325e-05,0.0001269073938215204,0.00012575716763326135,0.00011778428641722122,0.00011589752602441757,9.328988137358071e-05,5.5576467935930345e-05
0.0001308535714285714,0.00011046218224164147,0.0001254632860888515,7.144550755174514e-05,0.00012006149970582571,5.3378290036616654e-05,1.8142693437662607e-05,0.0001329467944633823,0.00011595343185015922,0.0001153570927225769,0.00010715460063201602,8.278051732613374e-05,5.060515621459338e-05
0.0001352892857142857,0.00015640861014408082,0.00014441303714313048,9.537462356463928e-05,0.0001398205001431897,5.1777312162064693e-05,1.948577513776978e-05,0.00016733914440142513,0.00014048538308022293,0.00014323424784506197,0.00013105838159786497,9.354228651356456e-05,6.269516177629507e-05
0.00013972499999999997,0.00018712880359633835,0.00015951866869824536,0.00010893528990998805,0.00015562225618801485,4.601152355045161e-05,2.0457875642894247e-05,0.0001751900921888241,0.00014463403483328335,0.00014894097864732073,0.00013620524193586986,9.281831423432608e-05,6.514380786695467e-05
0.00014416071428571426,0.00022248882319603598,0.00017201336422619371,0.00012572973812520076,0.00016637753003712898,4.0740154031377035e-05,2.1141041641211048e-05,0.00016635372836573204,0.00011403806458904591,0.0001330051566925142,0.00010679506622622133,7.852560540062432e-05,5.338284827611232e-05
0.00014859642857142853,0.00022939551287077636,0.000184201918331419,0.0001289184238366172,0.00017655824389922026,3.408728770693304e-05,2.197616226258864e-05,0.00016489201074434346,0.00012014956556235391,0.00013607070627172046,0.00011324812813171853,7.977420251412077e-05,5.6235479952362575e-05
0.00015303214285714283,0.00022095153095873192,0.0001926571738129617,0.00012644651065828514,0.00018150655047182934,3.074021819072462e-05,2.255055416278553e-05,0.00016882506780876544,0.0001255682923788833,0.00014501491430362267,0.00011902328047869026,8.762422406688144e-05,6.180332805469652e-05
0.00015746785714285713,0.0002069376166917218,0.0001988152775235374,0.00012126295338870623,0.00018209880690435155,2.6162825348905954e-05,2.242351725998186e-05,0.0001555118374541827,0.00010813408083969046,0.00013470033509228237,0.00010169122812990186,8.147635762564105e-05,5.526651006851002e-05
0.0001619035714285714,0.00016525964421386187,0.00020123059655383332,0.00010037026388530882,0.00017730188224853696,1.9804262787206484e-05,2.183437719351272e-05,0.000130848511553598,9.644739540519244e-05,0.00011937988073516508,8.875612613434296e-05,7.529862393340745e-05,4.849763141335588e-05
0.00016633928571428567,0.00012321316298553672,0.00020054970884345483,8.008999081909559e-05,0.00016952799571154034,1.6975151999823155e-05,2.090402402377776e-05,0.00011850238575786583,8.80810406345016e-05,0.000112589309544967,7.91228135039977e-05,7.368704177019361e-05,4.487705469476584e-05
0.00017077499999999996,7.865837652743828e-05,0.00019459888154375806,5.703613657878327e-05,0.0001568339824867014,1.6778907162190955e-05,1.916714544423464e-05,0.0001239940878245592,9.09105723806087e-05,0.0001219516285152179,8.046283784117096e-05,8.449776262760817e-05,4.831246138519694e-05
0.00017521071428571426,4.657672619461895e-05,0.00018862377039296246,3.852138071297883e-05,0.00014400323139953215,1.2926026476871684e-05,1.773558619521276e-05,9.714460505654641e-05,7.01597609148167e-05,9.449694425457808e-05,5.644123555602257e-05,6.48351206706085e-05,3.2852892076739806e-05
0.00017964642857142853,1.8892505708501596e-05,0.00017415839948822662,2.035265186931188e-05,0.00012376266222379655,1.3930891609394436e-05,1.5148311288513513e-05,0.00010936739296579192,7.20821228456481e-05,0.0001017585367838019,5.479571052376586e-05,7.069091092157625e-05,3.252849847068375e-05
0.00018408214285714283,1.339275967965435e-05,0.00015639912489726312,1.1811872651130116e-05,0.00010227861375418414,1.6042900590574788e-05,1.2431262530928078e-05,0.00012704395771850516,7.175085767480045e-05,0.00010852718821402085,5.076491822307215e-05,7.398162464326102e-05,3.0798831277309844e-05
0.0001885178571428571,2.6173806177099163e-05,0.00014365966606181605,1.2946509606537883e-05,8.778397750149039e-05,1.60421058008306e-05,1.0841917783504307e-05,0.00012901803066111837,6.410245743887563e-05,9.924801234619086e-05,4.007760569385328e-05,6.283893677831011e-05,2.2383133113313597e-05
0.0001929535714285714,6.253895971544941e-05,0.0001200438100375218,2.4309327565488156e-05,6.571598871890925e-05,1.841828392248711e-05,8.638304844192557e-06,0.00015206746540900206,6.386415604170099e-05,0.00010311633702948958,3.558900957662109e-05,5.909253534810016e-05,1.7848791654960352e-05
0.0001973892857142857,0.00010963452541640503,9.825135020165033e-05,4.262903597923986e-05,4.8229704474175116e-05,2.0412420166861112e-05,7.284673951292488e-06,0.00017055813921169462,6.248072218549343e-05,0.00010311847496778924,3.107184511425615e-05,5.1759803291130306e-05,1.3029408779361652e-05
0.00020182499999999996,0.00017059476623811662,8.058252383754974e-05,6.954573731919479e-05,3.5790512682407075e-05,2.3768537908292233e-05,6.321006656978011e-06,0.00019327999730608017,6.20721883762957e-05,0.00011135203523007901,3.048263152726866e-05,5.30420427248088e-05,1.2811329387679096e-05
0.00020626071428571423,0.0002244848581138021,6.250788297379558e-05,9.54195036539776e-05,2.5775089086837563e-05,2.4467096187615223e-05,6.418800743553131e-06,0.00019915197418319028,6.095278833681267e-05,0.00010492000013788792,2.7738965062023707e-05,4.209243337476199e-05,8.101476528490068e-06
0.00021069642857142853,0.0002800296522228042,4.331730857780888e-05,0.00012480111599061483,1.7700627727767976e-05,2.637451425236494e-05,7.1331675748267356e-06,0.00020968744887912705,5.821077153430653e-05,0.0001062213697467931,2.639848050469114e-05,3.871074538448577e-05,7.1806276920238884e-06
0.00021513214285714282,0.00033434753033968767,3.369666496234993e-05,0.0001554999634964476,1.7509735720248675e-05,2.757781459727625e-05,8.610775404621414e-06,0.0002024498536782452,5.55823575073956e-05,9.914595436783739e-05,2.7073350783496566e-05,3.390361056266023e-05,7.064803902749305e-06
0.00021956785714285712,0.0003348676506259121,2.225363617703974e-05,0.0001616979961170567,1.6273761858568218e-05,2.6755052930083324e-05,1.0293550701598235e-05,0.00019305837290588878,5.0943183632136186e-05,9.182581393150704e-05,2.424978010776939e-05,2.7441327621713254e-05,5.718165704522617e-06
0.0002240035714285714,0.00034839019606921915,2.0126872258740165e-05,0.0001765880968633404,2.350216843762692e-05,2.629558336217543e-05,1.2938383133415053e-05,0.00016782801887351106,4.6707072666250647e-05,7.997554900259786e-05,2.53012785468452e-05,2.4839487397101303e-05,7.107158686843076e-06
0.00022843928571428566,0.0003216956085815862,2.1159150547406086e-05,0.00017152899547737312,3.2210959002354306e-05,2.4479153798382606e-05,1.5678204960539648e-05,0.0001375441353484416,4.0269587607321806e-05,6.551575022838458e-05,2.3858948831904872e-05,2.055032159302626e-05,7.886040794070198e-06
0.00023287499999999995,0.0002923641461799962,2.969691783821972e-05,0.00016327454837646428,4.44467048047533e-05,2.2418572356074066e-05,1.836340797215303e-05,0.00010543600726441474,3.685241160717864e-05,5.0747667457077225e-05,2.526515457230545e-05,1.8244197897582392e-05,1.001239693532246e-05
0.00023731071428571425,0.00023487909379976804,3.805662967114111e-05,0.0001397988959684558,5.467129048743817e-05,1.981919037393552e-05,2.0216992130337633e-05,7.699148355194105e-05,3.098982226239655e-05,3.955778983413766e-05,2.2956534101200704e-05,1.7812439554964727e-05,1.0595944191447046e-05
0.00024174642857142852,0.00017541085666802921,5.4024825154303335e-05,0.00011275545682125151,6.901627329525614e-05,1.664694089103122e-05,2.2211041095955494e-05,4.631351654661072e-05,2.7495684949626687e-05,2.5817011776752964e-05,2.306858991080715e-05,1.6446874386802927e-05,1.2142632333525952e-05
0.00024618214285714285,0.00012333657492040502,7.364064152500118e-05,8.745831333562996e-05,8.335940951214644e-05,1.3906303920705899e-05,2.3694368261201634e-05,2.545492477862233e-05,3.0417506130625323e-05,1.7313003515112424e-05,2.741656445827752e-05,1.8329339310735542e-05,1.5954623291669284e-05
0.0002506178571428571,6.742407601430556e-05,8.813575398909927e-05,5.556779587617999e-05,9.199479768283701e-05,1.0998710284041234e-05,2.3546036166029133e-05,1.4566117092206163e-05,2.6707467256074768e-05,1.2227369393426871e-05,2.4086778801934502e-05,1.7066299221813324e-05,1.4244582719340865e-05
0.0002550535714285714,2.938249524750938e-05,0.00010870749354689537,3.056329101947402e-05,0.00010282865309154376,8.244865918862011e-06,2.3182506426905032e-05,1.353370588678398e-05,3.059860269836854e-05,1.1809641803188523e-05,2.655660829262514e-05,1.8704642705214443e-05,1.5147377074216121e-05
0.0002594892857142857,1.2099310021419539e-05,0.0001251426476371474,1.4686607963256163e-05,0.00010894006099257504,6.690207054081064e-06,2.182845616388e-05,2.6764052177032422e-05,3.7059702583683884e-05,1.812922337082762e-05,3.007040547030484e-05,2.1295202037720936e-05,1.6904661451850926e-05
0.0002639249999999999,1.2123187488850726e-05,0.00013851679428623033,6.766320867873129e-06,0.000112040028814515,5.393895953400677e-06,1.9955876309529045e-05,4.793063686382603e-05,4.46055237462039e-05,2.8019618940335383e-05,3.350163038302537e-05,2.316287652932085e-05,1.7223500489640926e-05
0.0002683607142857143,3.2897023145217995e-05,0.00014763030446358926,8.960104484040762e-06,0.00011181372787956262,4.780023074969428e-06,1.716869950645897e-05,7.691612552233038e-05,5.215560260681922e-05,4.073631452248908e-05,3.603861294248068e-05,2.3146739360160594e-05,1.5150777378284815e-05
0.0002727964285714285,7.107030923819395e-05,0.0001519297796485839,2.209626672934032e-05,0.00010758351229667278,5.000765175065198e-06,1.4017236174485098e-05,0.00011032527868250928,6.0910188722940295e-05,5.630317361124983e-05,3.946403136162219e-05,2.3608543466197363e-05,1.4294031921928426e-05
0.00027723214285714276,0.000117122159592948,0.00015026226660396362,4.193818733896693e-05,9.988584191242324e-05,6.286137642872818e-06,1.1120202912473072e-05,0.00014718340636786127,6.858600612223068e-05,7.611890380243635e-05,4.276994413674665e-05,2.738526417428164e-05,1.4555564317822566e-05
0.0002816678571428571,0.00016497644701701233,0.00014484940098666136,6.631780534304911e-05,9.177343870427971e-05,7.2956336693932335e-06,8.341493152554739e-06,0.0001713604463791461,7.62776641814504e-05,8.73702780503592e-05,4.596303598885055e-05,2.3836035388385897e-05,1.1638556415097261e-05
0.00028610357142857135,0.00021261762961260293,0.00013396650366015588,9.433199098603819e-05,8.0142526175594e-05,9.092503188613026e-06,5.6928426985870095e-06,0.00019351863643928718,8.287898438725784e-05,9.967136852660728e-05,4.8796739687346806e-05,2.213574640519524e-05,9.985925230747085e-06
0.0002905392857142857,0.0002546191213329709,0.00011814127148611417,0.00012170581440395058,6.661919556055075e-05,1.1356021309771355e-05,3.868547853206429e-06,0.00020745152819849302,8.259275129813229e-05,0.0001096182541880094,4.809352127196638e-05,2.291408695023705e-05,9.057773120599734e-06
0.00029497499999999995,0.00027816626595908293,0.00010114162749055249,0.00014213924430669006,5.3895227302332e-05,1.3230382309934933e-05,2.865212452239886e-06,0.00020764508803646991,8.178170116893245e-05,0.00011260474830894735,4.7551940341254074e-05,2.142888403058649e-05,7.853321458393119e-06
0.0002994107142857142,0.00028693350217231665,8.398335134547193e-05,0.0001570042236352566,4.259161011131589e-05,1.4801204215674374e-05,2.4426158055040373e-06,0.00019957690669074424,8.137197303894318e-05,0.00011097677839317517,4.747139961758948e-05,1.8064374253258462e-05,6.371883197041632e-06
0.00030384642857142854,0.00027806315315186375,6.402822559235906e-05,0.00016302559380655546,3.0349571163024368e-05,1.6210307822113494e-05,2.9774501794228804e-06,0.0001791333012789339,7.46484566695918e-05,0.00010361598699997763,4.3836133156896627e-05,1.597573650595659e-05,5.571374696768384e-06
0.0003082821428571428,0.00025680703282349057,4.580560728928282e-05,0.00016019988261993856,2.0223491332837252e-05,1.7019035736434402e-05,4.6049321474963905e-06,0.0001501218065493989,6.256551865428038e-05,9.06429365331257e-05,3.707118827138202e-05,1.4418417593012397e-05,4.891540070089516e-06
0.0003127178571428571,0.00022200828150835755,3.3603283691644005e-05,0.00014877691197486874,1.439451851425993e-05,1.700098485577217e-05,5.928248756245959e-06,0.0001240806719665543,5.77830513775096e-05,7.856770196431314e-05,3.493215713274591e-05,1.1726742730766553e-05,4.606691017078851e-06
0.0003171535714285714,0.00017149165923340833,2.0619043005906562e-05,0.00012570751594024143,8.595587363931748e-06,1.6235216121824846e-05,7.931201401351021e-06,9.099970857104101e-05,4.7364038541314504e-05,6.194299864491925e-05,2.9023707308759393e-05,9.721004043534427e-06,4.549127122808878e-06
0.0003215892857142856,0.00013518345298698035,1.2148927147932616e-05,0.00010753564614811142,5.9285117714552045e-06,1.5619858286097847e-05,1.0906982606136418e-05,6.322162043859401e-05,3.626544391568797e-05,4.638766670184358e-05,2.3033114601917265e-05,8.427208814316315e-06,4.588619149094418e-06
0.00032602499999999997,9.197925531774207e-05,7.428661685361961e-06,8.191681213174713e-05,5.664481254392033e-06,1.4002807635979503e-05,1.3569267679223278e-05,3.8634763608692096e-05,2.6012188710958024e-05,3.1502017856811865e-05,1.718758821115573e-05,7.700772069934595e-06,4.953130945114123e-06
0.0003304607142857142,5.1247287475525724e-05,5.389966920427769e-06,5.4069252227314915e-05,6.367288449287162e-06,1.1795563770330092e-05,1.477265743653424e-05,2.055025394896162e-05,1.890586712851035e-05,1.937357380441709e-05,1.2775097241672866e-05,6.24336642498673e-06,4.903059834464564e-06
0.0003348964285714285,2.6030316487850118e-05,6.636447178663936e-06,3.3080921544877295e-05,9.486550315800229e-06,9.693479752992895e-06,1.6863966586098105e-05,1.1237111764742993e-05,1.2199875835065808e-05,1.1307706433249627e-05,8.941377151905905e-06,6.228962651366679e-06,5.415872767849906e-06
0.0003393321428571428,1.1066925283734288e-05,1.0019909341209462e-05,1.713090112506586e-05,1.3573153453609639e-05,7.498061299108543e-06,1.8232640082013028e-05,8.954471909457023e-06,6.7388502865466194e-06,7.12472712155301e-06,5.649465119531759e-06,6.73138614970327e-06,5.8758151215792975e-06
0.00034376785714285705,7.086098281567731e-06,1.3838752578493205e-05,7.69612988265686e-06,1.722916119829718e-05,5.7387805991897706e-06,1.8230390732764764e-05,1.277542296971807e-05,5.279589721720248e-06,7.074951228032496e-06,4.842946881130369e-06,6.532565854951794e-06,5.871208154428814e-06
0.0003482035714285714,1.2768805430650228e-05,1.886491532002051e-05,3.7601291733165363e-06,2.1536314400298766e-05,3.633211699678e-06,1.749431829895909e-05,2.1943669073388872e-05,4.432879859723072e-06,1.0567532427081082e-05,4.59547689101391e-06,7.061583305936362e-06,5.79484802768086e-06
0.00035263928571428564,2.620643992826851e-05,2.371458979019841e-05,7.489615030982337e-06,2.564598628889803e-05,2.395457963701693e-06,1.6526684226747788e-05,3.408086579287472e-05,5.025278845568523e-06,1.7117893548574646e-05,5.402453644987565e-06,7.799571153030518e-06,5.852840505575631e-06
0.0003570749999999999,4.384794248653675e-05,2.8826772182869666e-05,1.6288821219190253e-05,2.9906103297999265e-05,1.7362772193422674e-06,1.5549509359759242e-05,4.739525453689154e-05,6.599435729433963e-06,2.574508519681614e-05,6.794492424858141e-06,9.376695494133842e-06,6.166640186462086e-06
0.00036151071428571423,5.954395038302963e-05,2.937586085408399e-05,2.7435331437377307e-05,3.0349786168378756e-05,1.4073815117062336e-06,1.2684028987592807e-05,5.5826099777628085e-05,9.169968164539302e-06,3.2955634789179336e-05,9.446014170917968e-06,8.59655460158844e-06,5.319463990413932e-06
0.0003659464285714285,7.652277463454908e-05,3.1670943906079505e-05,4.187081005627359e-05,3.230237893913953e-05,1.6993680832039337e-06,1.0643026200674818e-05,6.498215393305117e-05,1.225852731076126e-05,4.186413403804687e-05,1.2293672801318395e-05,9.704697663395773e-06,5.2678528067441296e-06
0.00037038214285714283,8.800743113916678e-05,3.2253394470582614e-05,5.506799010894537e-05,3.2926777943020464e-05,2.5268416746788388e-06,8.447440956814883e-06,6.857652912404207e-05,1.4001154370162595e-05,4.800554124785188e-05,1.4107156105593068e-05,1.0536610454785245e-05,4.997672950927384e-06
0.00037481785714285707,8.936360936056993e-05,2.8935750058927318e-05,6.34596815339623e-05,3.0327070188659094e-05,3.4307925937889718e-06,5.971466019522796e-06,6.576577109348616e-05,1.620635759471516e-05,5.0073987507745965e-05,1.670551886352063e-05,9.121416419551766e-06,4.24272017067884e-06
0.0003792535714285713,8.8428095332624e-05,2.7029981398792756e-05,7.144335390005722e-05,2.8943512720973317e-05,4.802082723542364e-06,4.032069433870562e-06,6.155785100046135e-05,1.755106140884981e-05,5.2106913756685475e-05,1.856148122310863e-05,9.392739424762873e-06,3.925095517804337e-06
0.00038368928571428566,7.926503742978035e-05,2.3162191529723613e-05,7.332028626016632e-05,2.576956398633064e-05,6.310987171003883e-06,2.4462323662539835e-06,5.26307337431088e-05,1.7967728480484593e-05,4.998688924911854e-05,1.9600158887238167e-05,8.763541363218818e-06,3.5810008645530387e-06
0.0003881249999999999,7.085165202618682e-05,2.1094033931640285e-05,7.32622204096747e-05,2.385943971586717e-05,7.622666355888603e-06,1.7166142649205445e-06,4.419251142971285e-05,1.7745317235407293e-05,4.6418380896012215e-05,1.9464092365995944e-05,8.410589526952287e-06,3.1562940477746674e-06
0.00039256071428571426,5.3500692564578426e-05,1.6689433197790657e-05,6.517493344167255e-05,1.985408957181223e-05,8.524768884882251e-06,1.2681762455391332e-06,3.294784803123894e-05,1.7048406027818582e-05,3.9959424940704764e-05,1.9397221731061e-05,7.0885900139729015e-06,2.831373152956449e-06
0.0003969964285714285,3.732358308091613e-05,1.3073240265422888e-05,5.493153960860785e-05,1.6271275954048702e-05,9.329002311239023e-06,1.4248914682389995e-06,2.2521374855276292e-05,1.540415735829399e-05,3.248036971328252e-05,1.8105266875649242e-05,6.204380665127115e-06,2.655367025712526e-06
0.00040143214285714274,2.6872996897529813e-05,1.1588596457575147e-05,4.6971862203483876e-05,1.4145467955137624e-05,9.96625062126374e-06,2.161718576298594e-06,1.5620092618062565e-05,1.439016995033602e-05,2.5816949584149453e-05,1.6578367026929576e-05,5.3852032564674255e-06,2.4347958087547902e-06
0.0004058678571428571,1.4495298351778676e-05,8.620992625765552e-06,3.368475518260633e-05,1.1010357994289467e-05,9.621572430623681e-06,3.025066347879245e-06,9.653962200440708e-06,1.24646021851074e-05,1.9118771809293606e-05,1.4867196253455876e-05,4.465256906830287e-06,2.339403913624563e-06
0.00041030357142857134,7.3702259903126185e-06,7.432206867030509e-06,2.2961163462468664e-05,8.92099092028097e-06,9.162754761364083e-06,4.5328595056281454e-06,6.390338425951201e-06,1.0895949519953718e-05,1.2848535453137947e-05,1.2644179219017258e-05,3.648712716343157e-06,2.2125243645698756e-06
0.00041473928571428563,3.4789439513414446e-06,6.455249341638614e-06,1.3283786586868288e-05,7.048538498326871e-06,8.347060884948862e-06,6.061050152737588e-06,5.426971133431206e-06,9.481676090156051e-06,8.069769299904775e-06,1.0451400757446258e-05,2.9066387525701063e-06,2.1438303906231702e-06
0.00041917499999999993,3.1306969274496897e-06,5.6103150626807164e-06,7.044215148094224e-06,5.536520899616831e-06,7.409942982413904e-06,7.359693577540213e-06,5.716996852462273e-06,8.151011872021682e-06,4.934184035279605e-06,8.480748725980089e-06,2.243110005866217e-06,2.0990452287005343e-06
0.00042361071428571417,5.482099758342625e-06,5.5836800077007305e-06,3.1841547168057325e-06,4.893761605201609e-06,5.944913163247119e-06,8.521350564078113e-06,8.126953847740962e-06,7.367915313234938e-06,4.215523228991493e-06,6.984922923752402e-06,2.153075933590906e-06,2.030846107793467e-06
0.0004280464285714285,8.834031507166295e-06,4.760933382767805e-06,1.7942240171494008e-06,3.844740660212847e-06,4.540848378249139e-06,9.300747514807334e-06,9.761344761499157e-06,6.100376558115278e-06,3.849364914336217e-06,5.259526718967681e-06,2.0686504739079334e-06,1.9613631852147963e-06
0.00043248214285714277,1.2129781138046325e-05,5.821949718599011e-06,2.748274467217824e-06,3.917626278161777e-06,3.4865623738021393e-06,1.0291644149912528e-05,1.2303839725607287e-05,6.54535907301282e-06,5.11902006083507e-06,4.6875031811450315e-06,1.7002901005622439e-06,2.0500814709181418e-06
0.00043691785714285706,1.5407754599025752e-05,5.367383359810732e-06,5.431859453645668e-06,3.6163480853917572e-06,2.128098967075827e-06,1.0081988944473876e-05,1.3032207796088931e-05,5.6061732406411626e-06,6.630032904971954e-06,3.6410509675167577e-06,2.091044611170676e-06,1.8745864674701231e-06
0.00044135357142857136,1.6543478430757814e-05,4.9949972743183985e-06,8.755287327723266e-06,3.234738232588519e-06,1.1690639149981698e-06,9.78807044484866e-06,1.2700859698868948e-05,5.111658840141335e-06,8.131891597144485e-06,2.980941846952659e-06,2.3956039529264854e-06,1.8351250007861712e-06
0.0004457892857142856,1.6474269772806496e-05,5.63771112207835e-06,1.199252258438825e-05,3.4594944720885166e-06,6.270400642199236e-07,9.276649812480572e-06,1.2389086599531612e-05,5.5249649396063015e-06,1.0105119629262645e-05,3.021725346227818e-06,2.5928858755555993e-06,1.8318774295342886e-06
0.00045022499999999995,1.464239706327282e-05,5.355297408951175e-06,1.425447165797614e-05,3.086950965429316e-06,3.6568726298481065e-07,8.229951046171297e-06,1.0367722644246555e-05,5.214459709742849e-06,1.051733271759109e-05,2.7616093930715383e-06,2.7549108622072676e-06,1.8047694756524381e-06
0.0004546607142857142,1.2201457442948379e-05,5.9218335644321215e-06,1.5808414254562035e-05,3.308807194016961e-06,3.8621077722788037e-07,7.098794435823759e-06,8.782092728578622e-06,5.449554847612941e-06,1.0993091941753892e-05,2.8974597427763037e-06,3.118574139051363e-06,1.749296434713816e-06
0.00045909642857142844,9.016477426891617e-06,5.972838683694824e-06,1.5752163411929785e-05,3.0275557493879393e-06,7.519723602898677e-07,5.707517832226586e-06,6.688220869689172e-06,5.283295612078291e-06,1.0245872503648123e-05,2.811423799735794e-06,3.270550383477092e-06,1.7248045098953227e-06
0.0004635321428571428,7.213394875760428e-06,6.210012680353012e-06,1.4977710151870849e-05,2.9578092386361274e-06,1.1918705922474643e-06,4.63185756773541e-06,6.206132983190074e-06,5.750145098143789e-06,9.608765936493822e-06,3.02221437429358e-06,3.421836243288059e-06,1.718235336836938e-06
0.00046796785714285703,5.853932477512079e-06,6.513278716298014e-06,1.2928036130935787e-05,2.7967209660580127e-06,1.921552896133079e-06,3.2874020426610386e-06,5.920938833355351e-06,5.5778262834542984e-06,8.275816098281663e-06,3.0468670595685324e-06,3.3819722742962523e-06,1.6918515033860384e-06
0.0004724035714285714,5.616959156210685e-06,6.543933950835865e-06,9.762155698900235e-06,2.4261495854174315e-06,2.7183151158800107e-06,2.1025347942039134e-06,6.092535969311034e-06,5.133199186632648e-06,6.1317389018710985e-06,2.7377699018912238e-06,3.119743770287564e-06,1.6056058951332938e-06
0.0004768392857142856,8.574476884037262e-06,6.822236240260186e-06,8.086761085082673e-06,2.5484326269293794e-06,3.343140622073588e-06,1.4258345743528926e-06,9.159360661669942e-06,6.083293038814927e-06,5.530452984471439e-06,3.2208385141891737e-06,3.128551822845406e-06,1.6167818403523696e-06
0.00048127499999999987,1.096614207178976e-05,6.458907582358555e-06,5.672017348211077e-06,2.3169029515498904e-06,3.938515093265098e-06,8.521142412242267e-07,1.1170471177679684e-05,5.765759588896142e-06,4.215116836157058e-06,3.0156469112810692e-06,2.851297641767081e-06,1.5567408277432397e-06
0.0004857107142857142,1.5065519604188991e-05,6.266139648363477e-06,3.851272760691382e-06,2.2052621532280273e-06,4.3298853379089946e-06,5.329697497114955e-07,1.3528105929692735e-05,5.472288827782131e-06,3.4172665338252963e-06,2.940746459596177e-06,2.4041235934376784e-06,1.4648726833945652e-06
0.0004901464285714285,1.9603811668214396e-05,5.700042681781419e-06,3.4294900854645094e-06,2.2087581380630416e-06,4.549821995957273e-06,5.343773924508463e-07,1.631606130397075e-05,5.500795604350096e-06,3.3394020504417804e-06,3.0662417062756667e-06,2.065419819819559e-06,1.3701006033031133e-06
0.0004945821428571427,2.2556977265946585e-05,4.8296113870950365e-06,3.3393853936937492e-06,2.1963928342779266e-06,4.572136939093752e-06,7.614374390491441e-07,1.828899510778962e-05,5.209504161488549e-06,3.4290086608964465e-06,2.9836756708122414e-06,1.7606937508995576e-06,1.2499908179021207e-06
0.000499017857142857,2.4350673639028174e-05,4.171224491853871e-06,3.944303732732959e-06,2.2802394592414818e-06,4.339206727334114e-06,1.0691003205422116e-06,1.8192969332686913e-05,4.8369224902616665e-06,3.715048551465125e-06,3.1175390311865264e-06,1.4207043305248253e-06,1.1768666028464672e-06
0.0005034535714285714,2.520971347508323e-05,3.4074854317784345e-06,5.235907815889322e-06,2.463310305969244e-06,3.878252307841236e-06,1.6028176276699923e-06,1.7483925788328094e-05,4.226289195803831e-06,3.970320973848475e-06,2.9742086181099313e-06,1.0444470877590956e-06,9.663450365891759e-07
0.0005078892857142856,2.3611422329219947e-05,2.7461668554197317e-06,6.3871927337353654e-06,2.745867167926139e-06,3.3724005543333665e-06,2.1702851202190495e-06,1.591214974540417e-05,3.9152864039508575e-06,4.438515491592428e-06,3.106726738124903e-06,8.422679490109483e-07,8.448151043934396e-07
0.0005123249999999999,2.0802192175039823e-05,2.4226531680295865e-06,7.190880881608211e-06,3.0344204702091172e-06,2.825576825946999e-06,2.7444478977726295e-06,1.3995853601301263e-05,3.826611419837429e-06,4.957282417323903e-06,3.298140653717444e-06,7.101790126847544e-07,7.328471625480838e-07
0.0005167607142857141,1.6105756830257714e-05,2.672542075505205e-06,7.497993679172503e-06,3.445117075077706e-06,2.1063811831728594e-06,3.0997687463428115e-06,9.892426299413956e-06,3.1204406310137485e-06,4.240812188050822e-06,2.987740222891156e-06,5.748074652695447e-07,6.092092437753842e-07
0.0005211964285714285,1.1521601296415628e-05,3.296134977256689e-06,7.410516476323764e-06,4.001457939011288e-06,1.53633077222696e-06,3.528859419888714e-06,7.221889699419117e-06,3.22253728917026e-06,4.140145701395924e-06,3.1768606215764773e-06,5.703607520513129e-07,5.170621698622162e-07
0.0005256321428571427,7.56388268672545e-06,4.4318300928737915e-06,6.647290056188117e-06,4.543800690629516e-06,1.0879343033614957e-06,3.880939666382118e-06,5.2356288533976725e-06,3.572195364900552e-06,3.781215228541593e-06,3.292959991040402e-06,6.569859505410153e-07,4.96035217222753e-07
0.0005300678571428571,4.044323891196203e-06,6.0498317823965634e-06,5.345188438876697e-06,5.131422729652969e-06,6.57668188979614e-07,3.829053571996136e-06,3.477290806406395e-06,3.6719288453832073e-06,2.886957881586936e-06,3.1456779913458996e-06,7.175239032688083e-07,4.598064869823616e-07
0.0005345035714285713,2.428577663621264e-06,8.210805543542943e-06,3.6975483422323547e-06,5.853716709682196e-06,3.961317754004547e-07,3.7921836483661705e-06,3.686778124128473e-06,4.506859355504946e-06,2.3045476392124382e-06,3.285606049927086e-06,8.38101007700334e-07,4.842712454665673e-07
0.0005389392857142856,3.267165949179282e-06,1.0519617863372155e-05,2.392082091893944e-06,6.416473267412998e-06,3.1666072682984746e-07,3.6487998488431035e-06,5.17825967214186e-06,5.322587230592593e-06,1.987247424414655e-06,3.297775082706229e-06,1.0009259285605576e-06,5.417819199830875e-07
0.0005433749999999999,5.912230657512929e-06,1.2673073603238303e-05,1.510896934206089e-06,6.983153588625641e-06,3.3059339637050553e-07,3.4486228327993477e-06,8.16037521589899e-06,6.567063554493029e-06,2.181916143101923e-06,3.5550135660296497e-06,1.2338144052693707e-06,6.811031774212464e-07
0.0005478107142857142,1.0476975845219023e-05,1.4779500933500855e-05,1.1338915848376923e-06,7.400677904985602e-06,4.898146765193097e-07,2.964233375190113e-06,1.179934019613774e-05,7.303281352398991e-06,2.4695209577810977e-06,3.4998082890876245e-06,1.2471378531725138e-06,7.259676809000157e-07
0.0005522464285714285,1.6379238581674057e-05,1.6584362968871792e-05,1.6751762522171315e-06,7.743544281596839e-06,7.158413669916948e-07,2.5737939803187067e-06,1.6353263603140923e-05,8.509724668029954e-06,3.445844476835371e-06,3.72536655951286e-06,1.314962131961682e-06,8.136109986875722e-07
0.0005566821428571427,2.2962177995782035e-05,1.768933401575905e-05,3.2011703858144463e-06,7.76731514423893e-06,8.949597184060982e-07,2.279087666735744e-06,2.143716161912703e-05,1.0028347692600656e-05,5.176695759735367e-06,4.212178090978741e-06,1.5172782518270058e-06,9.941072452711838e-07
0.000561117857142857,2.8799591508986336e-05,1.8104291779613e-05,5.2118046003423686e-06,7.647755917982302e-06,1.1999944832984933e-06,1.7470018184561958e-06,2.4318304398652013e-05,1.0004033023122136e-05,6.273582765440043e-06,3.975427868251848e-06,1.3421588876314765e-06,9.657094109981116e-07
0.0005655535714285713,3.308351174839622e-05,1.761988991228109e-05,7.856290946056141e-06,7.270930821571303e-06,1.378428672809696e-06,1.3956471463704799e-06,2.7196442728446465e-05,1.0660769955949189e-05,8.330447274659213e-06,4.369030373878647e-06,1.3239135354862954e-06,1.0260967739643646e-06
0.0005699892857142856,3.674848932710916e-05,1.6827168520089393e-05,1.0961207788737467e-05,6.739843061123645e-06,1.5477111169508346e-06,1.0453196143611833e-06,2.856642018078744e-05,1.0698604654655484e-05,9.911909372917487e-06,4.37170112547769e-06,1.2175327752174107e-06,1.0292940588726888e-06
0.0005744249999999999,3.86214518780318e-05,1.561561616998641e-05,1.3813177225263363e-05,6.168985751712727e-06,1.6052342150611082e-06,8.131270560726699e-07,2.8959417785019208e-05,1.0655789629094179e-05,1.1407242185295386e-05,4.47385250479304e-06,1.1717525687695576e-06,1.0625549515008855e-06
0.0005788607142857142,3.576610825569693e-05,1.2997284480197065e-05,1.5573285488084902e-05,5.100150502186564e-06,1.5895991432173876e-06,6.027229617674224e-07,2.572039706846213e-05,9.485750536276767e-06,1.1663103145802876e-05,4.172162634676934e-06,9.879232312006426e-07,9.686368892127927e-07
0.0005832964285714284,3.291634130947355e-05,1.1194359613395157e-05,1.7089618184974637e-05,4.410044777680298e-06,1.4913470569473687e-06,4.420022409613273e-07,2.3675448648902557e-05,9.090399470019232e-06,1.236374233253323e-05,4.214523789397846e-06,7.284696132458965e-07,7.825351046739703e-07
0.0005877321428571428,2.9022586862072065e-05,8.840857747083103e-06,1.7743838311164175e-05,3.5600541996658234e-06,1.365924493237134e-06,3.5285665732392726e-07,1.9905978995826968e-05,7.87808026189656e-06,1.215721624830244e-05,4.046348359099239e-06,7.192299377937069e-07,8.233587522826264e-07
0.000592167857142857,2.1996907006894593e-05,6.408991300672149e-06,1.6615159313468e-05,2.6124110282630833e-06,1.1429168559664847e-06,3.3764934133813487e-07,1.4725077924789504e-05,6.413015376632509e-06,1.054014730997822e-05,3.357082337425517e-06,5.035474111855198e-07,5.970764913857223e-07
0.0005966035714285714,1.5629419446859755e-05,4.410239764315089e-06,1.4697436817037396e-05,1.9404878571938395e-06,9.177240270018738e-07,3.4037215962228034e-07,1.0288913421881708e-05,5.087942738315377e-06,8.996905609560908e-06,2.9393103104967496e-06,3.909723547563781e-07,4.733902148594275e-07
0.0006010392857142856,1.0215482778592238e-05,2.965933656307446e-06,1.2178243124986908e-05,1.55793198185163e-06,7.213795651657391e-07,3.440629296405706e-07,6.813125966447774e-06,3.976334814356162e-06,7.347193596182323e-06,2.6505474961292274e-06,3.4557352068980865e-07,4.060148786540465e-07
0.0006054749999999999,6.727268183060144e-06,2.1269118086814727e-06,1.0184435730479385e-05,1.4138995586984572e-06,5.330047819166145e-07,3.7790356870018294e-07,4.626926816219191e-06,3.2601258083027486e-06,5.886729359783125e-06,2.252243909966555e-06,2.9089737439592416e-07,3.0147536384542357e-07
0.0006099107142857142,3.1472102940764057e-06,1.4212084753949138e-06,6.644490998100259e-06,1.3565273707869534e-06,3.99611428387981e-07,4.5222071840913996e-07,2.538457325232286e-06,2.166102900147527e-06,3.8609453337293985e-06,1.8059531382384931e-06,3.1834095063411087e-07,2.774733806174146e-07
0.0006143464285714284,2.138551089784572e-06,1.291466063740458e-06,4.101181553926986e-06,1.6026259643226193e-06,2.9204977765767435e-07,5.197756217211576e-07,2.169968211049069e-06,1.6259302034396395e-06,2.560555114834679e-06,1.4835903907015255e-06,3.626303061888034e-07,2.581121674056933e-07
0.0006187821428571428,1.8773422742448307e-06,1.6897413451652577e-06,2.51423784642128e-06,2.2479878364192523e-06,2.81867195195067e-07,5.090533195462534e-07,2.7555902947313664e-06,1.4598504005495948e-06,2.044419856010317e-06,1.5570108281476478e-06,4.3226543703069797e-07,2.74940431983991e-07
0.000623217857142857,3.938888872612595e-06,2.023678015414886e-06,1.24480989644111e-06,2.7170207830918066e-06,2.793391942158862e-07,6.170108517244794e-07,4.043449300023622e-06,1.1689937119361462e-06,1.6348843259297737e-06,1.3389075760417197e-06,5.307879395543922e-07,3.4249071469202786e-07
0.0006276535714285713,6.454658677449558e-06,2.609978773771986e-06,1.4124832512158536e-06,3.4416815360093148e-06,3.242101291615767e-07,6.564254403134215e-07,5.71096241455863e-06,1.1969207610637277e-06,2.064025022148289e-06,1.4299275411757919e-06,6.281484835024797e-07,4.1085407461178216e-07
0.0006320892857142855,8.900027123723343e-06,3.3342095963138616e-06,2.4209849376111064e-06,4.312339676265731e-06,4.1081066918761044e-07,6.722147562852713e-07,7.804030331726594e-06,1.4985248064164837e-06,3.271755438842256e-06,1.8151649314107504e-06,7.348663020258443e-07,5.140741122389144e-07
0.0006365249999999999,1.0335805538554177e-05,3.8160691984559e-06,3.6855668255832056e-06,5.0673302077743615e-06,5.233989917854656e-07,6.591916157467678e-07,8.712709401735238e-06,1.6188285306083412e-06,4.313663727672471e-06,2.0256041276421683e-06,7.938475276448579e-07,5.673693868866938e-07
0.0006409607142857142,1.2901794936827158e-05,4.054213568444405e-06,6.290555582280503e-06,5.404823913157099e-06,5.49003980879103e-07,7.375843452469347e-07,9.991006265349474e-06,1.8904868235648491e-06,5.891797531902122e-06,2.4057308768424372e-06,9.028047888170293e-07,6.947357450625831e-07
0.0006453964285714285,1.3936228757249236e-05,4.27283757618804e-06,8.952052868298635e-06,5.963132062412226e-06,6.301308378184494e-07,7.22245330657798e-07,1.0655317674066466e-05,2.205258606139431e-06,7.671625166859612e-06,2.8963865931681435e-06,8.882195331753237e-07,7.155848453582109e-07
0.0006498321428571427,1.2783829462739668e-05,4.549669792778423e-06,1.0422931201263593e-05,6.6360304844249985e-06,7.142571185568814e-07,6.553914601878039e-07,1.0042423714430394e-05,2.2972364374879614e-06,8.858924890608245e-06,3.249953483105849e-06,9.102585447803334e-07,7.791958997248182e-07
0.000654267857142857,1.2547436092594551e-05,4.0325126236059035e-06,1.2944848532281528e-05,6.18012675527813e-06,6.471385312088388e-07,7.223400226072865e-07,9.174879701361385e-06,2.4048467656001253e-06,9.676363133292162e-06,3.466331391938302e-06,9.383330528494851e-07,8.24025631057351e-07
0.0006587035714285713,1.0852173866552048e-05,3.7603636372535514e-06,1.4429830963620596e-05,6.117191918965838e-06,6.263588687849701e-07,6.624872175092621e-07,7.956793939144391e-06,2.4924159870007633e-06,1.0233270444087682e-05,3.7277648101745605e-06,8.365304417361379e-07,7.671737846336767e-07
0.0006631392857142857,8.737082140126104e-06,3.543836695557572e-06,1.4542364222103619e-05,5.985971521195379e-06,5.652104065177154e-07,6.529445619672719e-07,6.864720697800943e-06,2.5902274594965552e-06,1.0602599916262039e-05,4.046609208013984e-06,7.503709440174093e-07,7.106988401018979e-07
0.0006675749999999999,6.3352991692457505e-06,3.1990314110070587e-06,1.3580746734644534e-05,5.538855468840081e-06,4.974962539080402e-07,6.141808799834226e-07,5.230706438065363e-06,2.450985196244493e-06,9.67133710973493e-06,3.847066872618624e-06,7.271440756939683e-07,6.925771610975066e-07
0.0006720107142857141,4.492037676391975e-06,2.7233037220505967e-06,1.2594242787688466e-05,4.834820211184248e-06,3.770454488355327e-07,5.69360938932301e-07,3.909710619183663e-06,2.336785047801263e-06,8.551929293939885e-06,3.694769345656167e-06,6.143664761402585e-07,6.079674354372672e-07
0.0006764464285714284,3.2563224536028178e-06,2.436770452942016e-06,1.1055491896597114e-05,4.185394494380693e-06,2.8486289040088637e-07,5.612959689860798e-07,3.263619167209601e-06,2.3589681455428682e-06,7.64349165316461e-06,3.6470817279509127e-06,5.065389323405794e-07,4.849466192122629e-07
0.0006808821428571427,2.4548834592000262e-06,2.3590923602878195e-06,8.545112805386387e-06,3.916389087970296e-06,2.241914932717623e-07,4.570753560007147e-07,2.851596501900128e-06,2.2494585030502288e-06,6.123730008573767e-06,3.263683864254139e-06,4.5646437379216404e-07,4.5195709962276847e-07
0.0006853178571428571,2.1808712357923202e-06,1.9987337798917515e-06,6.667697500816203e-06,2.9879396046477014e-06,1.498803188235232e-07,4.6940223028978257e-07,2.6558202020024812e-06,2.155898834849993e-06,4.796408981142479e-06,2.968640461397818e-06,4.0832192409890913e-07,3.78031328766048e-07
0.0006897535714285713,2.5139541201207166e-06,1.9001542165148793e-06,4.527774482055705e-06,2.3867076504040343e-06,1.1803141064789693e-07,4.3160814241199664e-07,2.9863032240272177e-06,2.13180517078603e-06,3.485254363427362e-06,2.5750857114335242e-06,3.734183900020784e-07,3.322748082327793e-07
0.0006941892857142856,3.154465618659477e-06,1.8208700972734411e-06,2.847281209001022e-06,2.040153790294427e-06,1.1901702824001274e-07,3.760160539255647e-07,3.211456675979995e-06,1.9924424064183594e-06,2.5118608889957267e-06,2.196937043105993e-06,3.3227039946930037e-07,2.883181778467332e-07
0.0006986249999999998,3.6888115082764355e-06,1.8312096772291294e-06,1.914545088093595e-06,1.7293321750723862e-06,1.214962142969216e-07,3.2432551648696933e-07,3.4924462498505043e-06,2.1514235972948727e-06,2.0760114411636874e-06,2.03529107154734e-06,4.0505119701968975e-07,3.269653648493375e-07
0.0007030607142857142,4.556133506326139e-06,1.7302014819802923e-06,1.3225995683095547e-06,1.3241496969211051e-06,1.7201601367906202e-07,3.195437848733829e-07,4.0384852344234665e-06,1.9473832049510103e-06,1.658309810694027e-06,1.57073509420545e-06,3.6247806550399977e-07,3.0439638815535413e-07
0.0007074964285714284,4.4245479925717246e-06,1.6929074687342818e-06,1.3131830232482168e-06,1.1253643184135981e-06,2.360158996494716e-07,2.883742727628152e-07,3.7003822790176208e-06,1.948051967561974e-06,1.6454917570097354e-06,1.3794783572621512e-06,4.593437367160983e-07,3.663897556736875e-07
0.0007119321428571428,4.27886068899853e-06,1.8456038702257938e-06,1.6884656890577443e-06,1.0066232332743156e-06,2.5490366569178816e-07,2.4442402779745e-07,3.466383557934529e-06,2.1620288493890094e-06,1.8608607973776971e-06,1.3486568220680157e-06,5.558489097255178e-07,4.4312976569987656e-07
0.000716367857142857,4.049994857138531e-06,1.7164662905154317e-06,2.40160648734698e-06,8.91754592391406e-07,3.3841626563010017e-07,2.459914248834811e-07,3.19770804108368e-06,1.8842316610201277e-06,2.1786679394762488e-06,1.0262628369225335e-06,5.304971623899306e-07,4.4155670791169037e-07
0.0007208035714285712,3.2777630241839157e-06,1.909968366595055e-06,3.106974333511323e-06,9.007951270616783e-07,3.709755870122327e-07,2.2661861211254357e-07,2.7613735856660933e-06,2.0973034873457494e-06,2.601001024296272e-06,1.052543423050574e-06,6.298304611807479e-07,5.232619681691105e-07
0.0007252392857142856,2.450922176573019e-06,2.07795325695742e-06,3.880944027048693e-06,8.582042469940668e-07,3.7967588036146327e-07,2.1306812041486562e-07,2.154791147352845e-06,1.9943349082422935e-06,2.979309077829758e-06,9.438706898792149e-07,6.193512346832619e-07,5.192302085597262e-07
0.0007296749999999998,1.8156406454605e-06,2.321862645727444e-06,4.011641339718826e-06,7.278330937840253e-07,3.6927405864108983e-07,1.9849484503700684e-07,1.8643272848611184e-06,2.284782382515231e-06,2.8390031314774846e-06,9.069425968875135e-07,7.426290225796018e-07,6.136973835285911e-07
0.0007341107142857142,1.555522347605692e-06,2.529373705973076e-06,4.344176934648424e-06,8.278766686763719e-07,3.679840122131653e-07,2.011309082773191e-07,1.8410087748589525e-06,2.2840357687071846e-06,3.040188198281573e-06,8.727059854121706e-07,7.063099038286286e-07,5.859676450563285e-07
0.0007385464285714284,1.603319962078682e-06,2.7596235009437268e-06,4.2272050477671655e-06,8.363401875771734e-07,3.363690279677596e-07,2.0374494264029984e-07,2.0157478225916835e-06,2.3314266327888027e-06,3.076239357232849e-06,8.945657970442566e-07,6.894354285471682e-07,5.717449360571864e-07
0.0007429821428571427,2.2218056377302284e-06,3.3746558547497654e-06,3.482524180878976e-06,6.884988397101362e-07,2.8230697890445986e-07,2.2809392261296806e-07,2.816677318034379e-06,2.71626014091389e-06,2.3733252529955766e-06,7.989450160939917e-07,7.374794711026315e-07,5.887227637540422e-07
0.000747417857142857,3.248160002086964e-06,3.3056244246283958e-06,3.196482983046663e-06,7.845432755356295e-07,2.4164484868304593e-07,2.33907299547387e-07,3.3434084513987313e-06,2.509869913777823e-06,2.3446281662414292e-06,8.19677021983547e-07,6.287079911722471e-07,5.010481908524067e-07
0.0007518535714285713,4.704745100113807e-06,3.47795348640765e-06,2.350392570382161e-06,8.001958120917506e-07,1.91802403044977e-07,2.6976461717376094e-07,4.54876100502106e-06,2.732021124271964e-06,1.8466767477806386e-06,7.991203869042547e-07,6.144850779773654e-07,4.815022504074583e-07
0.0007562892857142856,6.021402105524148e-06,3.5910074401822234e-06,1.7564566878024264e-06,8.062937747259646e-07,1.7667722280981416e-07,3.0764964019363263e-07,5.4852699885341455e-06,2.6770129583318588e-06,1.643473461476789e-06,8.346764248479435e-07,5.836998283192531e-07,4.388887683793785e-07
0.0007607249999999999,7.811423597795514e-06,3.68403123834373e-06,1.1808935473564588e-06,7.190694170676736e-07,1.5127900370083786e-07,3.783921443173683e-07,6.699683227329517e-06,2.7418424195452766e-06,1.2316919776685047e-06,7.574581143283277e-07,5.065586115601113e-07,3.7646973842594347e-07
0.0007651607142857141,8.710347720971504e-06,3.221754037393479e-06,9.020846549372055e-07,8.457433413657275e-07,1.5558948732083355e-07,4.2714551232287047e-07,7.03272836846496e-06,2.5333774657915595e-06,1.1651808889480482e-06,8.362249587014791e-07,4.54214415284808e-07,3.351746375706062e-07
0.0007695964285714284,9.373981361351802e-06,2.868000848575954e-06,8.171153985020656e-07,8.702651313794806e-07,1.8673747635573824e-07,4.722279231255278e-07,7.13590031717725e-06,2.2570173079056497e-06,1.1330575678825356e-06,8.850578574835875e-07,4.0888165502302454e-07,3.0059326415409737e-07
0.0007740321428571427,9.714132244992792e-06,2.8400326018474814e-06,9.334290179862516e-07,8.372834739803385e-07,2.0128637533909088e-07,5.935735956228175e-07,7.75856039991201e-06,2.292311701515859e-06,1.2514882838615148e-06,8.231021937449321e-07,3.877695550775766e-07,2.9594527970596e-07
0.000778467857142857,8.878137008335048e-06,1.9863658133625345e-06,1.2076429444332957e-06,9.724454240996774e-07,2.614346975000645e-07,6.169707360685597e-07,6.4505406671128135e-06,1.7850448771202722e-06,1.2837360936355695e-06,9.460934448150479e-07,3.418814850172e-07,2.754478258749925e-07
0.0007829035714285713,7.530857943284934e-06,1.6178412566738494e-06,1.5398746813597322e-06,1.0753773115514139e-06,3.070833129005911e-07,6.812591080028015e-07,5.524968246650059e-06,1.5354891953697447e-06,1.455763308811873e-06,1.0081653481533164e-06,3.160376381728433e-07,2.788194946560944e-07
0.0007873392857142855,6.120028633305469e-06,1.3656963413063664e-06,1.8891160865245262e-06,1.1543728290278658e-06,3.45670732258409e-07,7.406744355717335e-07,4.6093833186103975e-06,1.3572841547318515e-06,1.6516688867579376e-06,1.0622994617822818e-06,3.2729969340323376e-07,3.0652559588104803e-07
0.0007917749999999999,4.890019701131985e-06,9.983203637129507e-07,2.2673140211836937e-06,1.1076797602632371e-06,3.733992464960975e-07,7.732409679179126e-07,3.58745389296646e-06,1.093395083634311e-06,1.7192185494033893e-06,1.0215937143304703e-06,3.295178815685814e-07,3.23647338414872e-07
0.0007962107142857141,3.1073685143013278e-06,1.0811158518708025e-06,2.2504469830605065e-06,1.3482449191058487e-06,3.9790300027288703e-07,7.762242578101146e-07,2.5038223737866723e-06,1.0725250234789632e-06,1.6666419990685273e-06,1.1512969946792097e-06,3.3512442271126346e-07,3.48333835129572e-07
0.0008006464285714285,2.0049306411681904e-06,1.2912360151184911e-06,2.164070397115232e-06,1.4920962738794904e-06,3.959232988701822e-07,7.456538876347808e-07,1.8992800124874983e-06,1.097574687287795e-06,1.5837301683478628e-06,1.2143546609605708e-06,3.4354870480557104e-07,3.610351621403049e-07
0.0008050821428571427,1.382698289494691e-06,1.3434325942692154e-06,2.0830071108440573e-06,1.4206820401011544e-06,3.6312123134043467e-07,7.329928538387415e-07,1.5292086690005363e-06,1.0859922474728009e-06,1.5380526057721924e-06,1.1361490927253772e-06,3.7508574406838105e-07,3.928805743362146e-07
0.000809517857142857,1.4082620784087125e-06,2.103925848602068e-06,1.6006508661249245e-06,1.7449837345135797e-06,3.412537382254307e-07,6.589929977284196e-07,1.7740273777129023e-06,1.4017547848887599e-06,1.2518253673933215e-06,1.2776814035709587e-06,3.777774883368252e-07,3.8785012070453033e-07
0.0008139535714285712,2.2870228834443107e-06,2.8589611528669405e-06,1.1913119628533653e-06,1.9191935667757703e-06,2.9056985601992226e-07,5.709866348796332e-07,2.573953842489091e-06,1.7527268688636e-06,1.0934647667594638e-06,1.3131142407504252e-06,3.621626063460405e-07,3.632635530324799e-07
0.0008183892857142856,3.681724159623596e-06,3.506301047414564e-06,9.733854746589153e-07,2.009105062849394e-06,2.2988723529177334e-07,4.917778410560153e-07,3.631518882026979e-06,2.1721531505216493e-06,1.089357238841646e-06,1.3783412862783495e-06,4.1805227340589485e-07,3.899930749378101e-07
0.0008228249999999999,4.374008509581417e-06,3.726475217967143e-06,7.092692105638225e-07,1.96061149697268e-06,1.7747237345053184e-07,4.000539098410783e-07,4.153064994462529e-06,2.2387020440409003e-06,9.927941468300863e-07,1.2835548490463394e-06,4.1342304475325913e-07,3.614483710317677e-07
0.0008272607142857141,7.062446824639409e-06,4.831199041883799e-06,7.488254620594955e-07,2.272477578739023e-06,1.3537817380984998e-07,3.024492740704126e-07,6.032905617306039e-06,2.871498370127436e-06,1.144162781049923e-06,1.4307537912669726e-06,3.8342861523911496e-07,3.151942626356863e-07
0.0008316964285714284,8.731868977495282e-06,5.219969296778301e-06,1.0798680554972332e-06,2.3019155134599742e-06,1.0555804459221837e-07,2.2267547568235167e-07,7.126437084021492e-06,3.1825991203307414e-06,1.4568374897934368e-06,1.47847594369604e-06,4.013487443974329e-07,3.00301192461525e-07
0.0008361321428571426,8.900901843098893e-06,4.804149060683536e-06,1.2594767980470811e-06,2.0746245140787933e-06,9.64598063414976e-08,1.6506220542590627e-07,7.009092515629862e-06,2.9240250129770665e-06,1.5689878504349428e-06,1.3362638121390284e-06,3.698376670746662e-07,2.578243607553756e-07
0.000840567857142857,1.0703690160212223e-05,5.525639424408504e-06,2.109410556210153e-06,2.2939447831527324e-06,1.0531053914887815e-07,1.2941066955454838e-07,8.313397074355218e-06,3.4719523562500847e-06,2.1693032707870333e-06,1.4962952839484399e-06,3.7205114150211743e-07,2.394225718383279e-07
0.0008450035714285713,1.1108896103509861e-05,5.3480558766573544e-06,3.041666822755722e-06,2.1939457014420677e-06,1.3456528061175255e-07,1.192413437181381e-07,8.407080013376556e-06,3.506942839752355e-06,2.702693892577015e-06,1.5087907221466452e-06,3.41476134122327e-07,2.1108942781713973e-07
0.0008494392857142856,1.0403631294913478e-05,4.779340796042777e-06,3.785477822963868e-06,1.9685915304889143e-06,1.8636050333164543e-07,1.4553586885922854e-07,7.745573119397402e-06,3.2721134296850335e-06,3.0686410742394883e-06,1.4456312183451968e-06,3.1786893086866745e-07,1.891623133171159e-07
0.0008538749999999998,8.510308822088932e-06,3.988612707052812e-06,3.8801454852054996e-06,1.6868572595561044e-06,2.5153092121110193e-07,1.9435783158580928e-07,6.245524864775236e-06,2.664403775054857e-06,3.0428081064182796e-06,1.2598655287167587e-06,3.1251087289887123e-07,1.842463678652355e-07
0.0008583107142857141,8.18382497739642e-06,3.864419847551078e-06,4.928194419892905e-06,1.6231573585105295e-06,3.0803232250619673e-07,2.676184755069477e-07,6.100002717661744e-06,2.8517779181760114e-06,3.5771064941498364e-06,1.3289721225272399e-06,2.7677604105665846e-07,1.7866996284486821e-07
0.0008627464285714284,6.225888451577061e-06,3.0160566365375606e-06,5.06377475256211e-06,1.2927912186821148e-06,3.672502604637303e-07,3.7045959873808505e-07,4.6422083723925435e-06,2.394152468695926e-06,3.519542225656138e-06,1.194000186849541e-06,2.701947626069157e-07,1.8841863118846025e-07
0.0008671821428571428,4.208663420359348e-06,2.2071925709160964e-06,4.5379650396769575e-06,1.0046815343615804e-06,4.308471380481741e-07,4.778654466613166e-07,3.1521282530721356e-06,1.7480423175105647e-06,3.0884297916684404e-06,9.827703532507606e-07,2.4337904889299855e-07,1.9071100326259594e-07
0.000871617857142857,3.1822492894213275e-06,1.9024855453803455e-06,4.523394257548276e-06,8.517374260312683e-07,4.5980779690044667e-07,5.777935742776651e-07,2.5189783488858696e-06,1.6780830002055233e-06,2.93322637066329e-06,9.010142626062487e-07,2.2439995321894956e-07,1.9581188904514286e-07
0.0008760535714285712,2.049065941820034e-06,1.404631112830012e-06,3.974442377117806e-06,6.497170338972992e-07,4.7046032894669184e-07,6.882840392755062e-07,1.831368205399958e-06,1.4254661553626306e-06,2.5683351020166803e-06,8.082218832413199e-07,2.158436214182713e-07,2.1186676736713942e-07
0.0008804892857142855,1.2261381669997788e-06,1.0044853265903335e-06,3.1416583117338867e-06,5.135511944285438e-07,4.5838872947310116e-07,7.6629608264855e-07,1.2234444410900053e-06,1.0938097733740165e-06,2.046672548414369e-06,6.578569888627853e-07,2.0474338812036246e-07,2.1499765919210002e-07
0.0008849249999999998,9.76469411069741e-07,7.658481843923049e-07,2.0728705702065133e-06,5.039891272565038e-07,4.4012556050412293e-07,8.478663811608472e-07,1.0849959608879675e-06,7.673499063723461e-07,1.41229207002952e-06,5.441111237034037e-07,2.0158969682368933e-07,2.3455289375226196e-07
0.0008893607142857142,1.0989806626208666e-06,6.714074036641464e-07,1.5853981466740391e-06,5.039835994895726e-07,3.803861418533454e-07,8.602709611484159e-07,1.1683876597788762e-06,7.607595613391986e-07,1.1375545988578432e-06,4.939084839243825e-07,1.932580874323379e-07,2.1900469873312124e-07
0.0008937964285714284,1.5186196296480697e-06,6.024888312742126e-07,9.345567117499603e-07,6.035556120681152e-07,3.1917011175272906e-07,8.569706520294875e-07,1.4181635265940088e-06,6.380362056629395e-07,8.073507336959725e-07,4.609642487470757e-07,1.8758949652318075e-07,2.1284971369397785e-07
0.0008982321428571427,2.121941572937724e-06,6.148580980754328e-07,6.174446479468853e-07,8.009945896459505e-07,2.488353662102232e-07,8.570606805905101e-07,1.9034061792391514e-06,5.682626343062402e-07,7.630358984890727e-07,5.372784653683556e-07,2.1010731941201854e-07,2.388461316849303e-07
0.0009026678571428569,2.5982058085635914e-06,6.42101794649932e-07,6.343033325689517e-07,9.633349323222342e-07,1.87903515472644e-07,7.697378548542955e-07,2.027570214556186e-06,5.644144806608241e-07,7.810907730921542e-07,5.400060383226606e-07,1.8554082922271466e-07,1.8319263594331692e-07
0.0009071035714285713,3.015398289694623e-06,6.790544246052936e-07,9.156072123746207e-07,1.2730948229138662e-06,1.2060182311321586e-07,6.946355412849027e-07,2.361643627695393e-06,5.568177453418529e-07,1.0858434355536192e-06,6.736108017082196e-07,2.084451538375974e-07,1.95993608505665e-07
0.0009115392857142855,3.1093026148183075e-06,6.664010715031279e-07,1.3916770673967882e-06,1.4385401933752115e-06,8.57156322671744e-08,5.830736708495064e-07,2.297311166989473e-06,5.271247008642362e-07,1.3744959144504849e-06,7.503197566775423e-07,2.0936875892180115e-07,1.7019002581144158e-07
0.0009159749999999999,3.2718270579992778e-06,7.032301892648827e-07,2.2421791275851974e-06,1.7330833284035338e-06,6.054564625559319e-08,4.97129255234667e-07,2.42906226409572e-06,5.431095595414053e-07,1.9936403395475113e-06,9.743983452048267e-07,2.2559437748391566e-07,1.6816917160653183e-07
0.0009204107142857141,2.935278233596059e-06,6.731535925228911e-07,3.038424734696257e-06,1.963301336068063e-06,6.308918616959643e-08,3.752705552377258e-07,2.147206450872671e-06,5.194276813617601e-07,2.4662375222385344e-06,1.0860090806180975e-06,2.2652772015208637e-07,1.5471509334410675e-07
0.0009248464285714283,2.323003584923035e-06,5.876651509128412e-07,3.604426078378959e-06,1.981945344753602e-06,8.715486052444541e-08,2.680836107646935e-07,1.6809612818505949e-06,4.703711752591352e-07,2.6744740448244733e-06,1.0919070162395768e-06,2.1382292172781039e-07,1.383093746557837e-07
0.0009292821428571427,1.9021994988621534e-06,5.603678254979376e-07,4.408008897918981e-06,2.1765861686493273e-06,1.155512468532627e-07,2.1466397861264103e-07,1.473108540432091e-06,4.6912336110073215e-07,3.3106033707524616e-06,1.366564653400049e-06,2.508669849667807e-07,1.495033259091911e-07
0.0009337178571428569,1.3212687537823472e-06,4.818133155623652e-07,4.617424228648985e-06,2.059367478548496e-06,1.730431673020448e-07,1.3671511559501466e-07,1.0792925550400394e-06,4.4041037173486676e-07,3.248492253903953e-06,1.2823816404156315e-06,2.2712570036901746e-07,1.4250289624265811e-07
0.0009381535714285713,8.709484989304977e-07,4.3997103941569883e-07,4.792713933685754e-06,2.12339333741985e-06,2.2883682363332195e-07,1.0969211999339796e-07,8.197903793021546e-07,3.9947925437882217e-07,3.4274565578947083e-06,1.3957111082533781e-06,2.4912256979744033e-07,1.497255005294004e-07
0.0009425892857142855,5.645515664212639e-07,3.93582274180219e-07,4.533100453699322e-06,1.942274465862355e-06,2.753676303360791e-07,9.387303319566354e-08,6.55255279989462e-07,3.8473845681840053e-07,3.1830309804379906e-06,1.3242087226135382e-06,2.2876763276511262e-07,1.504074987307569e-07
0.0009470249999999998,5.219570584149567e-07,4.058137438791807e-07,4.161195857270418e-06,1.777050661668214e-06,3.1951792311590013e-07,1.1229043191029814e-07,7.043387339400533e-07,4.1142197273749583e-07,2.8804731965423056e-06,1.2537771659714384e-06,2.054792369515558e-07,1.5147497672059112e-07
0.0009514607142857141,6.255520729749785e-07,4.0697798038099006e-07,3.7395178554948854e-06,1.699036162385738e-06,3.5442652110501627e-07,1.4294597800085404e-07,7.837228977857838e-07,4.099089895629256e-07,2.679950243981579e-06,1.2734967469658626e-06,1.8357977601890582e-07,1.4033856155322913e-07
0.0009558964285714284,9.431903284641977e-07,4.606648232566264e-07,2.939357941499978e-06,1.3827768602697155e-06,3.6108275602524036e-07,2.0393957006031678e-07,1.0793996469747954e-06,4.6764804590181955e-07,2.08309018291401e-06,1.0812481838769327e-06,1.5579088139084018e-07,1.4706923653298605e-07
0.0009603321428571427,1.1746644465871105e-06,4.6127061467428725e-07,2.299134628265075e-06,1.303448545309969e-06,3.6453936258659824e-07,2.4285355886408014e-07,1.208325069467273e-06,4.77452412850319e-07,1.713086883519548e-06,1.027680968655151e-06,1.455893234615446e-07,1.413703044904581e-07
0.000964767857142857,1.5894313927832411e-06,4.98509992412439e-07,1.5188747635707992e-06,1.023475232907972e-06,3.4883871004560613e-07,3.1796717473059556e-07,1.476712305588244e-06,5.105612639067235e-07,1.1617928496388765e-06,8.285327666646491e-07,1.219592376388757e-07,1.357282469936651e-07
0.0009692035714285712,1.7547685971359268e-06,5.389879816254433e-07,9.880283220343217e-07,8.56686070992727e-07,3.1815701842383466e-07,3.763277947274441e-07,1.5507665941259536e-06,5.334651272001485e-07,8.287332094179453e-07,7.034703611055797e-07,9.585193967082151e-08,1.2294485325560425e-07
0.0009736392857142856,1.8298099424359282e-06,5.398879703837175e-07,5.967594763615962e-07,7.17686185907264e-07,2.743400765455105e-07,4.223228676831643e-07,1.5314804537140577e-06,5.522637625611361e-07,5.938786397056698e-07,6.142420455519501e-07,8.344804518823069e-08,1.0877716678921971e-07
0.0009780749999999997,1.795664411925541e-06,6.11592460878632e-07,3.880307678372059e-07,5.63342651097383e-07,2.2641360920575094e-07,4.688635067818745e-07,1.4965342363927885e-06,5.924295126782693e-07,4.5316837556398266e-07,4.827023354718536e-07,6.56757998704823e-08,9.514092033001341e-08
0.0009825107142857142,1.5726751418887533e-06,6.403800992678228e-07,3.670413138927554e-07,4.94588210737078e-07,1.7211722085695386e-07,4.859648186273453e-07,1.2564995497324426e-06,6.270802431627483e-07,4.4464833418597587e-07,4.5470400001403223e-07,6.672831947960934e-08,8.47350617707967e-08
0.0009869464285714284,1.342606464956522e-06,7.091835725309205e-07,5.083747484906882e-07,3.963643993935355e-07,1.1964827963832185e-07,4.98142255530273e-07,1.1150336023830038e-06,6.830207255138249e-07,5.302371181912474e-07,3.8037741068707914e-07,6.955526890727828e-08,7.882938312744755e-08
0.0009913821428571426,9.311290125350426e-07,8.675580898145169e-07,7.157036875220498e-07,3.678703411908091e-07,8.635812497728616e-08,4.9365962197704e-07,8.315582348150974e-07,7.699130798100691e-07,6.322968528105869e-07,3.607013051559063e-07,6.621062496050258e-08,6.703018002350465e-08
0.000995817857142857,7.439228584752759e-07,9.924893008821045e-07,1.015341573205226e-06,3.1463467368192327e-07,5.875920484203982e-08,4.7152184306048736e-07,7.339543326577907e-07,8.561049896307826e-07,7.745625943056056e-07,3.0886679885958483e-07,8.782019616496892e-08,7.351070018883173e-08
0.0010002535714285711,6.365868219602963e-07,1.200654745866188e-06,1.290957056674278e-06,3.0800695946543735e-07,5.059068189347979e-08,4.324855570193815e-07,7.180555938745613e-07,9.716219946680827e-07,9.064988054358416e-07,2.9167359293030457e-07,9.043505993940856e-08,6.949497901852117e-08
0.0010046892857142856,7.245972082766673e-07,1.4645393161163908e-06,1.4412829565343769e-06,2.7463839427112686e-07,5.9140106855046236e-08,3.8644007417820087e-07,8.39638830065221e-07,1.1373250979866873e-06,9.514892154387909e-07,2.636113852326554e-07,1.210544537578152e-07,8.688508393269067e-08
0.0010091249999999998,1.0914203284484263e-06,1.7080418817354408e-06,1.553868123347195e-06,2.693027788153695e-07,8.226550147319952e-08,3.2952876049842866e-07,1.1541947161801453e-06,1.2690551921882579e-06,9.987977951500024e-07,2.4807630175356144e-07,1.3478929436307703e-07,9.597207575389335e-08
0.001013560714285714,1.66912180980337e-06,1.958632494569521e-06,1.5363373929632665e-06,2.723087660491186e-07,1.12025188767206e-07,2.772953258740853e-07,1.5942334572831115e-06,1.4008130377069714e-06,9.588042440355044e-07,2.3940134028506436e-07,1.3543775167942217e-07,9.916737234789037e-08
0.0010179964285714285,2.356693112719505e-06,2.1605094070688683e-06,1.4032448047989688e-06,2.4841703664914556e-07,1.5031187814347916e-07,2.1959804777043678e-07,2.093719328802383e-06,1.5182814224744105e-06,8.809444811769673e-07,2.2073231351125801e-07,1.5596329008587736e-07,1.1752369128498626e-07
0.0010224321428571426,3.340697323186949e-06,2.347180632955826e-06,1.1426004920214333e-06,2.514039979789071e-07,1.8350307015478946e-07,1.6900722573222416e-07,2.7268880133348327e-06,1.5989038045833195e-06,7.418977028814077e-07,2.3582122933763624e-07,1.3189456727197883e-07,1.0889525795577083e-07
0.001026867857142857,3.963116823699588e-06,2.3837876652033993e-06,9.303027001381191e-07,2.2987886793483234e-07,2.1572351096780206e-07,1.2738064207790894e-07,3.145540026810955e-06,1.630709711346092e-06,6.274903567925505e-07,2.1147044465467613e-07,1.4530774771242758e-07,1.2276977465529715e-07
0.0010313035714285713,4.665795368945893e-06,2.3734860168290842e-06,6.597677531321728e-07,2.190169686551586e-07,2.4012874238151196e-07,8.986890738545591e-08,3.5390850592599915e-06,1.599078430792279e-06,4.880939839393892e-07,2.0423923582742843e-07,1.2991482000903193e-07,1.1831259089282357e-07
0.0010357392857142855,5.072679561427272e-06,2.1930022795778085e-06,4.636761558594364e-07,2.1033391608971288e-07,2.4940732919978903e-07,6.498278062790635e-08,3.6627730305184736e-06,1.4870840008055528e-06,3.90600255791178e-07,2.030055865990228e-07,1.040305268363051e-07,1.0635991079978706e-07
0.001040175,5.128786557448504e-06,1.9924416504759545e-06,3.42023521558981e-07,1.9664907519896238e-07,2.4713173984079775e-07,5.266869013279964e-08,3.6389334827292705e-06,1.3685836077186211e-06,3.175133850742119e-07,1.846203794695341e-07,9.560810923677353e-08,1.0183726237599185e-07
0.001044610714285714,4.898747252856519e-06,1.6832915867859172e-06,3.4722247125322577e-07,1.9871728845550597e-07,2.3762825744557244e-07,4.76722963274906e-08,3.344194805447385e-06,1.1700862623604519e-06,3.1890267348122693e-07,1.9877620763960746e-07,7.350703615024151e-08,8.650299539218157e-08
0.0010490464285714284,4.3217758354909195e-06,1.3318767759054033e-06,3.8050636804433923e-07,1.9205875759729347e-07,2.1157693447327216e-07,5.4935704565519775e-08,2.8938594452783106e-06,9.621813684833535e-07,3.0814367223868265e-07,1.7657220986495324e-07,6.528856199413317e-08,7.938202043566459e-08
0.0010534821428571425,3.6584279059713324e-06,1.0240699828098974e-06,5.328202278020938e-07,1.9656773007900434e-07,1.8410188279919773e-07,6.034729674418245e-08,2.3895288859631063e-06,7.744664173899835e-07,3.6813278554651714e-07,1.9398878334198893e-07,4.851460828935129e-08,6.174080683550064e-08
0.001057917857142857,2.6816003402459647e-06,6.776042542253119e-07,6.423341477291059e-07,2.1495492372532124e-07,1.471460923607212e-07,8.358369452454064e-08,1.7258315043918931e-06,5.473511649493529e-07,3.945170870225296e-07,1.952140756083183e-07,4.416525160895505e-08,5.4126908352719775e-08
0.0010623535714285714,1.8500318832885515e-06,4.3770745208668883e-07,7.938025198539985e-07,2.2195196799319313e-07,1.1493391039718237e-07,1.0459141754514871e-07,1.1754440056891855e-06,3.816757738190386e-07,4.2491822620922084e-07,1.9099235838867835e-07,4.041598176961952e-08,4.486970338663652e-08
0.0010667892857142854,1.117631045772002e-06,2.832402314970192e-07,8.536362036022362e-07,2.5801543272968403e-07,8.372180636897513e-08,1.1859281728842232e-07,7.280131452223702e-07,2.6151832735588496e-07,4.3659585450114786e-07,2.0842152014420002e-07,3.9554208565171416e-08,3.8767101251405885e-08
0.0010712249999999999,6.170172460715304e-07,2.2308706743549076e-07,8.850404976986469e-07,2.8275759523396097e-07,6.199852949417523e-08,1.4287121252411562e-07,4.447010638033961e-07,1.8682814198064595e-07,4.195195044605648e-07,2.0364825092158127e-07,4.4458209858144707e-08,3.7036252115183725e-08
0.001075660714285714,3.799111360610188e-07,2.5974175678849793e-07,8.173606473080582e-07,3.3530064848788485e-07,4.687193331182031e-08,1.534530684213039e-07,3.4240422174341584e-07,1.696097128449096e-07,3.764590109815115e-07,2.2080009931676092e-07,5.191130115436928e-08,3.905936110312994e-08
0.0010800964285714284,4.4850580243414425e-07,4.023603385163318e-07,6.984536176827972e-07,3.830169275506642e-07,4.054173930695199e-08,1.7911711200513896e-07,4.3341305184707034e-07,1.980948808411662e-07,3.2423915781934424e-07,2.260252912953544e-07,5.978586558271054e-08,4.145811897489303e-08
0.0010845321428571428,7.953149033681756e-07,5.772109935985718e-07,5.565655147217135e-07,4.459311249906025e-07,4.681440173016911e-08,1.7261791184343858e-07,6.816089380341329e-07,2.7764569884407846e-07,2.58631480102984e-07,2.5053178643475467e-07,6.955042214375324e-08,4.893896951229683e-08
0.0010889678571428568,1.3471343615044308e-06,8.298538148243852e-07,3.8558816967591586e-07,5.084029313631393e-07,5.69356494187405e-08,1.9076191157778682e-07,1.0561288583757872e-06,3.822609581433563e-07,2.1259523439463642e-07,2.6292155932344267e-07,7.997677172053181e-08,5.626841214210613e-08
0.0010934035714285713,2.0654697424030603e-06,1.0891615092984645e-06,2.5337523498797307e-07,5.891271340325975e-07,7.689807513831472e-08,1.8755842156862948e-07,1.5163168196610606e-06,5.130344589128885e-07,1.7976352871128917e-07,2.883418645261375e-07,8.91264952359409e-08,6.488599629787689e-08
0.0010978392857142853,2.7940208804327197e-06,1.3204421247485296e-06,1.8276612026493808e-07,6.675079817734496e-07,9.766395484141603e-08,1.789782165682041e-07,1.960566664878375e-06,6.42993011100737e-07,1.8949119361133234e-07,3.2157650601906526e-07,9.707891645432591e-08,7.373594614275975e-08
0.0011022749999999998,3.3548706604603117e-06,1.5086498788798598e-06,2.0927657282719963e-07,7.34036501708515e-07,1.1743837445622348e-07,1.799389570647218e-07,2.3036350794515822e-06,7.554250121047251e-07,2.488600797822326e-07,3.5160637198259917e-07,1.0283719519932697e-07,8.138544280774226e-08
0.0011067107142857142,3.8651227211067365e-06,1.638248060404538e-06,3.4166007143547006e-07,7.995265106960227e-07,1.3481319949425832e-07,1.6326579569702272e-07,2.5832653082766806e-06,8.549653262423525e-07,3.510253094182086e-07,3.8621705189415516e-07,1.045514445328384e-07,8.540953502327496e-08
0.0011111464285714283,3.991593731675965e-06,1.6858386093481255e-06,5.689417372930566e-07,8.314707508991648e-07,1.4587706186903615e-07,1.5994417070250546e-07,2.646448997462993e-06,9.120860480389394e-07,4.953087661004312e-07,4.126239210615987e-07,1.0407633697184603e-07,8.927056284489208e-08
0.0011155821428571427,4.073177248253843e-06,1.6720226336629527e-06,9.097490973392586e-07,8.821186891971986e-07,1.493310141771923e-07,1.3942859537423081e-07,2.670806656654043e-06,9.59363305291463e-07,6.888356416504055e-07,4.543909258101802e-07,1.0262189886800929e-07,8.997065253883648e-08
0.0011200178571428568,3.722090716792191e-06,1.5675763259937691e-06,1.2689185885334068e-06,8.513186787509575e-07,1.470118192932155e-07,1.3130909332582162e-07,2.4287042999610772e-06,9.487891357507781e-07,8.647511030344893e-07,4.6172064279815336e-07,9.771051273794454e-08,8.962410832165293e-08
0.0011244535714285712,3.2052433025104415e-06,1.4084119595237489e-06,1.6645535194355096e-06,8.397209227107566e-07,1.3476920996959806e-07,1.1671714089045072e-07,2.0995858676770443e-06,9.09231469667173e-07,1.0613960225963257e-06,4.799991949615448e-07,8.919048008421188e-08,8.476152049898278e-08
0.0011288892857142857,2.6432082439534337e-06,1.2242791478029452e-06,2.0140061178041288e-06,7.84854442436934e-07,1.1752016077768046e-07,1.0306949989470554e-07,1.7428120758167432e-06,8.554129811508758e-07,1.2185144404918167e-06,4.771136076043216e-07,8.525212099636002e-08,8.169155840556565e-08
0.0011333249999999997,1.971249365032042e-06,1.0093757080600644e-06,2.2519486658325993e-06,7.082187928893614e-07,9.802703215792369e-08,9.124222088308605e-08,1.3235073923378648e-06,7.741241645085743e-07,1.3114278325026635e-06,4.6267749078747664e-07,7.629373826872103e-08,7.488016335677612e-08
0.0011377607142857142,1.3725039810443825e-06,8.031259247797871e-07,2.378894141314098e-06,6.050770843932982e-07,7.64113748596418e-08,8.025260132089248e-08,9.49552668545395e-07,6.836865403106343e-07,1.3425352296996707e-06,4.2753895200604415e-07,7.476459498798956e-08,7.180332716531981e-08
0.0011421964285714282,8.333434542105152e-07,5.93976219011948e-07,2.3222654076378876e-06,4.824315201291497e-07,5.849169236034952e-08,6.935410639520568e-08,6.090771909938287e-07,5.811038406460203e-07,1.2702341744095491e-06,3.789116473765841e-07,6.969924699137344e-08,6.664862524286236e-08
0.0011466321428571426,4.943079708781244e-07,4.436025501184142e-07,2.2203428341740465e-06,3.9351662984458046e-07,3.958226864151159e-08,6.145855363644245e-08,4.022249466256785e-07,5.021093696066926e-07,1.2113185484859618e-06,3.352835498771004e-07,7.200817932353344e-08,6.231271949800522e-08
0.001151067857142857,3.012830975644808e-07,3.041565113763116e-07,1.8872192346268506e-06,2.724309124194558e-07,3.274792783403174e-08,5.225752560290187e-08,2.6950130612862894e-07,4.124344891284551e-07,1.002146473106505e-06,2.7029305344293426e-07,7.344698001967024e-08,6.10340275239501e-08
0.0011555035714285711,2.903901003746684e-07,2.143231800787565e-07,1.482162316579916e-06,1.8866176913714306e-07,2.8765878422030578e-08,4.736852605016812e-08,2.5225214717420684e-07,3.428684942736109e-07,7.84567365067978e-07,2.126958776836507e-07,7.745870375409078e-08,5.9455130683227264e-08
0.0011599392857142856,3.8336824504862865e-07,1.5981921689826798e-07,1.0902550981886265e-06,1.307189086970515e-07,3.329257405999513e-08,4.1199894226958625e-08,2.939319251505097e-07,2.868886825018064e-07,5.785564565843281e-07,1.5711940626737927e-07,8.798303779855203e-08,6.239958463072202e-08
0.0011643749999999996,5.754837793857949e-07,1.327789024751256e-07,6.838533026648409e-07,1.0151033731439954e-07,4.208000578186629e-08,3.8934416318014295e-08,3.9644107430584676e-07,2.50787302885049e-07,3.7327115446021784e-07,1.1731211845239203e-07,9.722780449089959e-08,6.54309435354417e-08
0.001168810714285714,7.592629116719266e-07,1.2704113660742876e-07,3.774367260309412e-07,1.1155618377561323e-07,5.477463997049561e-08,3.448649021287271e-08,5.029081953002314e-07,2.2058832046755786e-07,2.2224757748976826e-07,8.973628984471297e-08,1.0626489802974641e-07,6.861809210073848e-08
0.0011732464285714285,9.276986379336723e-07,1.3495875592355678e-07,1.732843561014474e-07,1.598312976876281e-07,6.900373499545092e-08,3.2695137855161284e-08,6.035743425613475e-07,2.0506833249327282e-07,1.3213023029574803e-07,8.317491062818116e-08,1.1503986528983735e-07,7.25191552415291e-08
0.0011776821428571426,9.935644456679081e-07,1.4865307083390668e-07,1.3258719383375105e-07,2.2194047894898533e-07,8.298259079610925e-08,3.32582160384958e-08,6.321174445871067e-07,2.069964998027494e-07,1.2251743649769825e-07,8.847551228467175e-08,1.3105031376036943e-07,8.152362545870139e-08
0.001182117857142857,9.864250465467653e-07,1.6729075178333264e-07,2.4574017118510493e-07,3.357124167004807e-07,9.10971492858846e-08,3.204286223132359e-08,6.539816290891255e-07,2.0232623159829346e-07,2.012202557870116e-07,1.252842721488448e-07,1.2930679272805022e-07,8.059199532202534e-08
0.001186553571428571,8.501148469340929e-07,1.8637994397802237e-07,4.955919340164776e-07,4.2969891612006324e-07,9.752788614834363e-08,3.3367496934367956e-08,5.728706554653654e-07,2.1596437938653034e-07,3.328866635260542e-07,1.5900688147509473e-07,1.430685104172084e-07,8.915718381118335e-08
0.0011909892857142855,7.025108591658207e-07,2.1167707225979408e-07,8.356959621952773e-07,5.595128729588089e-07,9.611301893793305e-08,3.470336032339266e-08,5.21237813194174e-07,2.2363479458233798e-07,5.265114967698574e-07,2.1944881588881678e-07,1.3668362800928934e-07,8.625294109373642e-08
0.001195425,5.049621308993653e-07,2.4377516720283773e-07,1.2393259847801605e-06,6.647679021025746e-07,9.061193471623406e-08,3.702686607412062e-08,4.31038164221226e-07,2.4283835466543753e-07,7.382964861713532e-07,2.762597512760379e-07,1.3696490587854766e-07,8.755429123574174e-08
0.001199860714285714,3.4631334056547086e-07,2.7769233678978305e-07,1.6139613828267103e-06,7.41584119861801e-07,8.073941048485922e-08,4.036514483457115e-08,3.643222554922609e-07,2.6172770486712424e-07,9.257720238385151e-07,3.254411422972724e-07,1.36139512281933e-07,8.75113354724415e-08
0.0012042964285714284,3.0717799595908874e-07,3.233412759450948e-07,1.9276185722974657e-06,8.212328846952198e-07,6.789979554224199e-08,4.582583343018407e-08,3.8610236336112635e-07,2.842905323927161e-07,1.1032025501555566e-06,3.8500000196628965e-07,1.2271337554171572e-07,8.118320511257682e-08
0.0012087321428571425,3.511292031238684e-07,3.7260495072183237e-07,2.1188309645084277e-06,8.406020497052566e-07,5.452479091455894e-08,5.114106008570027e-08,4.438432222362357e-07,3.079035183032638e-07,1.1880639517711213e-06,4.1185257858063903e-07,1.162953375637316e-07,7.712753468963374e-08
0.001213167857142857,5.367057403513191e-07,4.2074732189957215e-07,2.2015199581335536e-06,8.630256794521095e-07,4.24675388043615e-08,6.08139297801099e-08,5.909197344514442e-07,3.3306007955297684e-07,1.252173497178371e-06,4.522068267014121e-07,1.0081893739761191e-07,6.997706764856274e-08
0.0012176035714285714,8.265356297091952e-07,4.690789802997026e-07,2.0971182874246944e-06,8.167090009346287e-07,3.336520216071471e-08,6.834416452051556e-08,7.884786048310121e-07,3.54793306225243e-07,1.1791271622901386e-06,4.429376510672319e-07,9.150426088227393e-08,6.336937032604819e-08
0.0012220392857142854,1.1628277817479064e-06,4.933693997723173e-07,1.9202562849708487e-06,7.839428347320478e-07,2.89094365359957e-08,8.208146040608931e-08,1.002420945948288e-06,3.705660507600076e-07,1.1156557789539832e-06,4.580624637143116e-07,7.888578590899396e-08,5.8311807817894035e-08
0.0012264749999999999,1.5438667092697177e-06,5.065599870449104e-07,1.5838801355434305e-06,6.9709220830213e-07,2.9483664032078064e-08,9.34084053728723e-08,1.2340926397892425e-06,3.777602996721053e-07,9.336129641624088e-07,4.2691499693665355e-07,7.062249304195657e-08,5.279178412116761e-08
0.001230910714285714,1.880977236259021e-06,4.96784019261211e-07,1.192850581206223e-06,5.978362074819963e-07,3.509416127730943e-08,1.0343097221928812e-07,1.4325718015150142e-06,3.740637645212265e-07,7.189569226836305e-07,3.7905777670450704e-07,6.414145114017703e-08,4.805391193260338e-08
0.0012353464285714284,2.0848204666736396e-06,4.554768270684118e-07,8.363426819651966e-07,5.090798329336578e-07,4.4388025318564074e-08,1.1529040708371531e-07,1.5364457167556206e-06,3.573947706188838e-07,5.372142542377332e-07,3.418200387409227e-07,6.139074706463713e-08,4.67471640145506e-08
0.0012397821428571426,2.1443099060044436e-06,3.9160530511659854e-07,5.23759948377103e-07,4.221665148987015e-07,5.5964003103801434e-08,1.2623728470882104e-07,1.5444740557762453e-06,3.2872351743337567e-07,3.7694922891866737e-07,3.0339922772940684e-07,6.27868499520726e-08,4.791097045219994e-08
0.0012442178571428568,2.044635636940969e-06,3.131132411092229e-07,2.89942346667985e-07,3.4237217665086765e-07,6.803626711138374e-08,1.3543294923922714e-07,1.4506917844222764e-06,2.9062000789638767e-07,2.554385909168542e-07,2.6759006437589453e-07,6.833273844722314e-08,5.147556060153317e-08
0.0012486535714285713,1.7976039184457407e-06,2.3190470257250395e-07,1.560008157274765e-07,2.7335906639849963e-07,7.87258174298954e-08,1.420669663785327e-07,1.265789676821129e-06,2.4771947416783836e-07,1.830795822426103e-07,2.3736746892619338e-07,7.763891182448173e-08,5.7110417818363586e-08
0.0012530892857142853,1.4409376262081621e-06,1.6249252338837389e-07,1.2681641931366776e-07,2.1700201452221855e-07,8.632664420231024e-08,1.4544710839027568e-07,1.0163112111200909e-06,2.0634283655905027e-07,1.621943079426018e-07,2.1455168590739082e-07,8.994632417939944e-08,6.425009139208505e-08
0.0012575249999999998,1.033120341609649e-06,1.2005540999583946e-07,1.9113102128340565e-07,1.734672440047552e-07,8.955058668193917e-08,1.4508831910921757e-07,7.41148870972241e-07,1.7378727262819833e-07,1.8712345252067682e-07,1.9965108814605264e-07,1.041873113079521e-07,7.214655225341765e-08
0.001261960714285714,6.445391945677092e-07,1.181779437167152e-07,3.2414881067995673e-07,1.4150742233450125e-07,8.771735119946876e-08,1.4078985303369987e-07,4.858423375135983e-07,1.5737048116504854e-07,2.455632051043709e-07,1.9190093084174823e-07,1.1908035300379836e-07,7.994357609995776e-08
0.0012663964285714283,3.4632651996878263e-07,1.666189158202025e-07,4.92171871506709e-07,1.1890795611994461e-07,8.086333310643582e-08,1.3269010964940725e-07,2.95561127915494e-07,1.6335969130495414e-07,3.2090326798168923e-07,1.8948718062454503e-07,1.3325035681829735e-07,8.67657756742842e-08
0.0012708321428571427,1.9871580709301076e-07,2.694692928111852e-07,6.584779942688285e-07,1.0300238009847506e-07,6.975360838908453e-08,1.2129033596194397e-07,2.0789123388108724e-07,1.9594437665054093e-07,3.951681727220016e-07,1.8991676798566915e-07,1.4536258364711766e-07,9.181268588523737e-08
0.0012752678571428568,2.408403088440617e-07,4.2401712631531946e-07,7.89465184625264e-07,9.117125035376546e-08,5.579431655212521e-08,1.074412364208039e-07,2.46598253296674e-07,2.564147232646795e-07,4.520737131874245e-07,1.9047360281569262e-07,1.54255922303385e-07,9.444709244604018e-08
0.0012797035714285712,4.836913022696572e-07,6.205385051226481e-07,8.600634218341474e-07,8.124915035550811e-08,4.085596181148188e-08,9.229033299580922e-08,4.173982964728697e-07,3.426849187708378e-07,4.796994770450873e-07,1.8868707642790097e-07,1.590604260393915e-07,9.426684910947123e-08
0.0012841392857142855,9.074507582575119e-07,8.430962073863732e-07,8.575525689901116e-07,7.178601587305355e-08,2.703016337570086e-08,7.719223188707824e-08,7.06455009667884e-07,4.4925422522671605e-07,4.7234863775620677e-07,1.8273875863608098e-07,1.5928512761469752e-07,9.115085002415715e-08
0.0012885749999999997,1.4637030443370531e-06,1.0712731406119294e-06,7.832018542338523e-07,6.213798629178464e-08,1.6351497766621113e-08,6.358821996863857e-08,1.0818874901325339e-06,5.676361858006955e-07,4.313055730890365e-07,1.7174394612045155e-07,1.5486517036306449e-07,8.527249212578374e-08
0.0012930107142857142,2.0822307142583713e-06,1.282621782626405e-06,6.515144837037777e-07,5.2394375763398135e-08,1.0521075641204084e-08,5.2865131095565304e-08,1.498090829332494e-06,6.872162637153265e-07,3.643874064879164e-07,1.558660058738792e-07,1.4616195662135707e-07,7.707747435385817e-08
0.0012974464285714282,2.681344313763647e-06,1.4554999922203644e-06,4.872594470172044e-07,4.317606199518813e-08,1.0668691641515218e-08,4.620514623337578e-08,1.9022178549553885e-06,7.964302562718982e-07,2.8438657617083923e-07,1.3624968641220106e-07,1.33915768628141e-07,6.722628699617453e-08
0.0013018821428571426,3.180112065823377e-06,1.571914702544983e-06,3.2083560087834594e-07,3.5362885570521785e-08,1.718571248764588e-08,4.4435694624832154e-08,2.2418217116907447e-06,8.84096123452642e-07,2.0668485134861265e-07,1.147901124097479e-07,1.1915639385314824e-07,5.6503225478508945e-08
0.0013063178571428569,3.5105402058823133e-06,1.6200549207718055e-06,1.8278115296237514e-07,2.9824580338201624e-08,2.9651899339246334e-08,4.787224752860431e-08,2.472471356871114e-06,9.406698692379925e-07,1.4645460738714223e-07,9.378207404329319e-08,1.03082815790303e-07,4.568593593053896e-08
0.0013107535714285711,3.590712439124163e-06,1.5685281447420059e-06,9.332030509045011e-08,2.7745752280376772e-08,5.3573547827642734e-08,5.949863035968409e-08,2.5446018891689756e-06,9.501820148323738e-07,1.1801958162647976e-07,7.098225388180653e-08,8.18915463670849e-08,3.174544089300342e-08
0.0013151892857142856,4.093981055861969e-06,1.5757391963540582e-06,9.159704932902741e-08,4.397875097346388e-08,1.0915286386533113e-07,1.432563054184078e-07,3.2612780126122603e-06,1.2226099123673712e-06,1.281325549293685e-07,5.534656413990723e-08,4.508140164610765e-08,1.92578610008256e-08
